student_id,Age,Math_score,Science_score,English_score,Hours_studied,pass_fail
1,17,54,65,59,0.2,1
2,24,39,57,63,0.7,1
3,19,50,56,62,1.9,1
4,22,43,47,55,1.8,0
5,16,86,91,77,6.1,1
6,21,66,52,68,0.8,1
7,21,81,59,48,4.8,1
8,22,50,55,75,0.6,1
9,21,72,72,74,4.6,1
10,17,92,91,73,6.8,1
11,23,67,85,77,5.1,1
12,17,83,85,88,4.9,1
13,18,66,96,68,3.7,1
14,21,73,85,72,6.7,1
15,16,76,84,90,6.4,1
16,21,53,40,65,1.7,1
17,23,72,75,47,1.1,1
18,22,78,79,85,7.2,1
19,18,74,75,83,4.1,1
20,22,84,65,83,4.8,1
21,23,95,69,88,4.2,1
22,24,80,82,68,6.0,1
23,20,40,78,76,3.5,1
24,24,72,76,78,6.1,1
25,20,73,83,75,6.7,1
26,24,89,75,75,7.3,1
27,17,100,72,80,7.4,1
28,25,89,98,88,7.6,1
29,17,80,87,70,7.8,1
30,18,38,73,58,2.1,1
31,19,85,69,79,7.4,1
32,21,57,65,69,3.5,1
33,19,72,60,60,0.5,1
34,16,61,82,54,1.8,1
35,17,68,85,56,4.1,1
36,25,68,75,85,4.6,1
37,22,71,69,54,1.5,1
38,16,82,83,75,5.4,1
39,22,80,75,81,5.8,1
40,18,82,69,77,3.4,1
41,17,78,60,100,3.5,1
42,16,100,100,74,7.8,1
43,18,44,72,74,3.3,1
44,16,82,86,100,7.9,1
45,23,57,49,69,2.3,1
46,23,42,53,88,1.2,1
47,25,88,84,88,5.9,1
48,24,64,66,62,1.3,1
49,18,78,68,41,0.5,1
50,25,79,52,58,2.0,1
51,22,66,74,74,5.3,1
52,21,80,51,74,1.9,1
53,20,95,60,85,3.7,1
54,25,87,95,87,8.0,1
55,20,56,64,63,1.1,1
56,23,91,79,66,6.7,1
57,24,59,48,48,0.1,1
58,18,39,79,55,2.1,1
59,18,48,55,70,2.2,1
60,20,87,72,93,4.0,1
61,16,49,63,79,0.7,1
62,20,60,46,69,1.3,1
63,24,77,67,70,0.1,1
64,21,65,79,78,4.7,1
65,20,95,56,77,2.9,1
66,19,79,69,86,5.3,1
67,22,86,63,83,7.8,1
68,18,90,100,83,7.1,1
69,21,65,90,78,6.3,1
70,18,71,99,91,6.3,1
71,23,67,53,59,1.8,1
72,19,82,58,56,1.8,1
73,20,92,82,74,6.9,1
74,24,55,89,71,2.6,1
75,20,69,60,72,1.4,1
76,21,77,76,70,3.5,1
77,25,73,66,46,1.5,1
78,19,63,83,74,2.9,1
79,21,71,72,84,5.0,1
80,22,57,62,55,2.6,1
81,19,85,64,81,3.4,1
82,20,58,74,62,3.2,1
83,19,53,62,59,3.4,1
84,19,74,80,47,4.1,1
85,18,72,94,72,5.3,1
86,19,72,79,82,5.4,1
87,16,73,57,62,0.4,1
88,25,48,59,53,1.6,1
89,19,50,40,76,1.2,1
90,22,42,69,50,1.8,1
91,23,56,79,43,0.4,1
92,24,92,66,69,7.9,1
93,23,71,63,80,4.9,1
94,18,65,72,78,5.9,1
95,19,78,100,72,6.7,1
96,23,58,57,69,0.6,1
97,21,89,88,77,7.1,1
98,19,61,47,68,0.5,1
99,22,62,49,64,0.5,1
100,16,53,85,70,6.9,1
101,16,81,97,97,7.5,1
102,24,64,66,74,6.0,1
103,19,68,85,60,3.9,1
104,22,89,93,58,5.8,1
105,25,85,66,70,4.3,1
106,22,55,57,64,1.1,1
107,22,54,70,73,2.6,1
108,22,56,66,66,2.0,1
109,24,64,56,84,0.4,1
110,16,91,87,75,6.0,1
111,16,75,89,93,5.0,1
112,23,96,80,70,5.6,1
113,25,81,69,87,7.7,1
114,25,64,51,74,0.2,1
115,22,66,65,64,3.2,1
116,17,61,74,91,5.6,1
117,17,77,81,64,6.4,1
118,17,67,61,88,4.0,1
119,23,74,56,69,0.8,1
120,22,44,46,62,1.4,1
121,25,67,79,64,6.5,1
122,20,73,68,91,2.6,1
123,20,83,97,73,7.1,1
124,16,63,67,82,4.0,1
125,21,67,100,76,6.4,1
126,16,62,76,79,4.1,1
127,22,71,55,64,3.9,1
128,16,46,62,77,0.7,1
129,20,65,88,57,5.3,1
130,24,99,64,60,2.6,1
131,20,60,54,64,1.8,1
132,18,31,62,56,1.5,0
133,25,76,86,88,7.8,1
134,19,71,63,83,2.9,1
135,18,78,63,64,2.2,1
136,23,52,69,63,0.8,1
137,23,70,74,81,3.5,1
138,17,62,83,75,3.2,1
139,16,70,36,70,1.2,1
140,24,84,66,67,6.1,1
141,19,60,98,74,6.2,1
142,22,79,55,57,2.4,1
143,17,87,94,79,7.6,1
144,18,66,80,81,4.4,1
145,25,79,74,67,3.8,1
146,17,100,96,68,5.5,1
147,25,87,73,62,5.3,1
148,20,76,89,82,6.6,1
149,20,86,54,63,4.8,1
150,20,82,91,72,5.6,1
151,23,48,57,69,3.5,1
152,16,41,80,57,0.7,1
153,25,94,78,79,4.7,1
154,18,56,57,53,3.8,1
155,18,66,96,95,8.0,1
156,22,63,57,50,2.7,1
157,21,50,70,56,3.3,1
158,16,81,67,78,3.6,1
159,22,82,84,88,6.9,1
160,16,51,51,77,1.5,1
161,23,83,94,87,6.1,1
162,23,53,75,60,1.0,1
163,19,77,81,71,5.7,1
164,17,74,87,83,3.7,1
165,23,80,100,72,7.5,1
166,23,69,54,62,1.9,1
167,25,88,58,69,4.1,1
168,22,86,69,60,2.7,1
169,16,59,80,78,2.3,1
170,18,69,61,71,3.6,1
171,24,89,59,76,3.0,1
172,22,61,65,62,1.9,1
173,23,81,69,67,5.6,1
174,18,51,85,74,4.0,1
175,25,84,80,85,2.7,1
176,16,93,66,85,5.8,1
177,18,59,50,54,0.6,1
178,17,73,97,64,6.8,1
179,22,67,70,70,7.6,1
180,25,58,42,44,0.5,0
181,19,74,83,64,6.0,1
182,23,42,61,66,1.3,1
183,21,77,92,86,6.4,1
184,25,88,81,82,5.5,1
185,25,76,79,85,7.0,1
186,23,71,61,79,5.1,1
187,23,80,80,73,7.2,1
188,25,68,82,63,2.4,1
189,23,85,94,73,6.8,1
190,25,67,63,83,2.9,1
191,16,80,80,69,7.8,1
192,16,76,85,62,7.3,1
193,20,82,100,79,6.2,1
194,20,84,75,61,5.4,1
195,18,89,67,71,5.0,1
196,25,78,84,84,2.9,1
197,21,81,86,52,6.0,1
198,24,63,72,77,4.0,1
199,23,79,100,86,7.7,1
200,17,46,82,59,1.1,1
201,22,89,77,83,7.7,1
202,24,57,48,75,1.0,1
203,20,86,52,79,4.7,1
204,16,80,86,71,5.0,1
205,25,82,72,72,1.8,1
206,22,53,63,63,0.9,1
207,23,60,74,55,0.9,1
208,24,76,70,64,3.4,1
209,22,84,64,83,5.2,1
210,21,58,56,67,1.7,1
211,21,52,47,71,0.8,1
212,22,62,92,61,2.2,1
213,23,61,75,65,0.7,1
214,21,61,74,74,1.9,1
215,17,66,78,82,6.6,1
216,18,72,74,74,6.3,1
217,18,65,83,99,7.9,1
218,18,70,59,53,0.1,1
219,21,54,63,55,0.1,1
220,17,73,74,59,3.8,1
221,17,72,86,67,3.6,1
222,24,38,64,65,2.4,1
223,23,77,86,77,6.8,1
224,17,52,70,71,2.6,1
225,25,65,74,87,5.1,1
226,23,70,55,79,4.0,1
227,17,70,68,79,6.8,1
228,23,75,67,90,7.1,1
229,22,78,76,64,3.3,1
230,18,66,74,77,5.5,1
231,17,73,70,66,0.7,1
232,25,71,72,77,7.7,1
233,22,56,52,79,2.8,1
234,20,60,67,84,4.8,1
235,19,36,64,56,1.2,1
236,17,91,63,70,6.1,1
237,24,93,74,81,7.8,1
238,20,53,55,77,0.2,1
239,21,68,73,66,2.8,1
240,16,53,49,60,0.7,1
241,23,52,80,70,2.7,1
242,17,68,95,95,7.1,1
243,16,74,94,65,5.4,1
244,20,62,53,64,1.7,1
245,17,58,54,65,2.3,1
246,22,83,95,85,7.9,1
247,19,80,72,86,6.1,1
248,22,70,50,74,1.4,1
249,24,67,66,60,4.5,1
250,22,67,76,50,0.1,1
251,25,54,79,67,3.4,1
252,21,72,74,60,1.4,1
253,21,62,52,51,0.7,1
254,22,75,84,73,7.0,1
255,18,47,49,67,0.6,1
256,21,97,88,60,5.8,1
257,19,57,66,72,0.8,1
258,17,77,64,52,1.4,1
259,25,53,89,65,6.1,1
260,25,58,76,66,2.6,1
261,23,47,62,60,0.5,1
262,24,61,56,62,0.6,1
263,21,100,93,88,6.7,1
264,24,54,45,57,3.1,1
265,16,75,56,65,3.6,1
266,18,98,68,88,7.7,1
267,21,100,96,98,7.9,1
268,23,76,65,66,4.2,1
269,20,70,53,82,3.1,1
270,21,62,72,69,0.5,1
271,20,81,42,61,2.0,1
272,17,69,82,81,4.7,1
273,22,57,56,49,1.0,1
274,21,74,73,63,6.5,1
275,24,50,48,70,0.7,1
276,19,66,68,61,2.7,1
277,18,53,80,51,1.2,1
278,24,55,48,75,0.3,1
279,18,78,81,69,4.8,1
280,18,62,90,79,5.8,1
281,19,70,76,84,7.8,1
282,19,56,71,57,2.5,1
283,19,99,58,60,2.9,1
284,22,73,67,74,4.0,1
285,19,86,88,66,6.4,1
286,24,66,83,70,7.5,1
287,17,64,57,71,2.3,1
288,22,54,76,52,0.7,1
289,21,74,92,75,7.4,1
290,17,75,94,73,3.0,1
291,21,86,89,86,6.3,1
292,18,63,66,80,6.1,1
293,17,57,63,73,0.2,1
294,22,52,58,70,0.9,1
295,16,51,52,83,1.9,1
296,23,82,89,75,4.8,1
297,19,77,80,69,5.7,1
298,18,88,100,89,5.3,1
299,17,65,82,80,7.6,1
300,23,56,50,67,0.3,1
301,16,74,71,66,2.9,1
302,25,73,78,80,5.9,1
303,24,51,51,56,2.7,1
304,23,44,78,71,5.1,1
305,23,62,76,67,0.3,1
306,20,64,87,71,4.1,1
307,20,50,50,62,0.3,1
308,21,60,69,56,2.2,1
309,22,87,73,89,5.9,1
310,23,64,71,61,2.9,1
311,17,92,87,82,5.8,1
312,21,44,55,69,0.8,1
313,23,57,83,72,4.8,1
314,21,77,62,80,4.9,1
315,16,49,51,66,0.6,1
316,16,42,46,52,1.1,0
317,16,60,76,47,1.0,1
318,16,96,64,52,4.8,1
319,21,75,74,64,3.6,1
320,20,70,78,76,2.0,1
321,23,76,70,74,4.1,1
322,19,68,83,100,8.0,1
323,23,64,66,72,1.6,1
324,17,97,100,73,6.5,1
325,21,68,76,75,5.7,1
326,18,86,76,78,6.3,1
327,19,81,94,70,6.3,1
328,23,92,68,74,6.4,1
329,17,41,69,51,0.5,1
330,22,83,100,91,6.6,1
331,17,64,62,83,3.6,1
332,25,46,74,62,1.5,1
333,16,71,82,92,6.7,1
334,19,90,89,60,2.8,1
335,17,52,54,71,2.0,1
336,24,65,50,51,0.7,1
337,25,49,47,48,1.2,0
338,25,42,61,57,0.3,1
339,25,67,79,64,2.1,1
340,24,62,78,63,2.3,1
341,22,68,68,56,2.4,1
342,19,70,81,83,2.7,1
343,21,99,57,84,5.9,1
344,24,66,60,67,0.8,1
345,23,71,70,55,2.0,1
346,19,96,100,72,7.7,1
347,25,80,86,88,5.8,1
348,20,70,82,77,4.0,1
349,23,88,97,94,7.7,1
350,23,68,71,67,2.3,1
351,18,80,66,74,7.1,1
352,25,82,69,79,4.5,1
353,22,71,64,87,4.0,1
354,17,57,69,68,1.0,1
355,21,68,79,65,4.5,1
356,16,49,65,68,0.4,1
357,23,86,92,87,4.2,1
358,21,81,80,62,1.3,1
359,20,59,75,61,4.7,1
360,23,81,71,90,6.5,1
361,22,79,58,73,4.7,1
362,23,60,48,44,2.1,1
363,25,70,61,80,4.6,1
364,25,94,66,91,6.2,1
365,19,61,56,69,0.3,1
366,18,69,73,81,3.3,1
367,25,98,73,87,7.4,1
368,19,75,87,73,4.5,1
369,22,77,88,62,2.5,1
370,20,83,79,81,4.9,1
371,24,96,55,69,2.4,1
372,23,46,52,86,2.5,1
373,20,50,60,74,2.3,1
374,21,78,90,74,7.6,1
375,20,100,99,73,7.6,1
376,19,44,38,59,1.6,0
377,20,47,51,64,1.1,1
378,24,80,64,69,1.8,1
379,21,94,90,89,5.7,1
380,18,68,90,61,3.3,1
381,23,76,68,74,5.2,1
382,17,79,79,91,5.2,1
383,16,95,100,91,7.3,1
384,22,100,89,94,6.3,1
385,20,98,85,100,7.0,1
386,20,90,62,61,3.6,1
387,18,74,85,84,6.8,1
388,23,80,77,73,5.2,1
389,21,61,74,87,6.3,1
390,22,100,78,79,6.6,1
391,17,67,70,64,1.5,1
392,19,78,70,79,3.6,1
393,25,95,81,76,5.8,1
394,17,65,80,83,3.7,1
395,20,58,58,71,5.5,1
396,18,76,40,79,3.8,1
397,21,55,66,55,3.3,1
398,19,75,75,66,6.1,1
399,17,60,71,76,4.2,1
400,24,80,89,93,7.2,1
401,18,59,66,71,2.6,1
402,17,99,82,82,7.2,1
403,18,67,74,54,4.1,1
404,16,72,77,54,3.2,1
405,25,40,67,58,0.6,1
406,17,85,79,85,7.9,1
407,18,83,51,72,6.2,1
408,22,59,80,65,3.6,1
409,17,69,67,71,5.5,1
410,18,77,84,86,7.9,1
411,19,83,53,64,6.7,1
412,22,76,77,66,4.3,1
413,21,69,82,63,1.2,1
414,22,71,97,66,4.9,1
415,19,63,65,52,1.6,1
416,16,52,76,68,2.0,1
417,24,64,60,56,1.7,1
418,25,65,53,59,2.6,1
419,21,87,42,55,1.9,1
420,20,55,80,54,0.5,1
421,18,62,82,98,5.0,1
422,22,75,77,88,6.3,1
423,18,70,79,67,2.4,1
424,18,89,94,72,6.4,1
425,22,78,81,77,4.5,1
426,23,98,98,89,6.8,1
427,19,44,69,64,0.4,1
428,25,79,68,73,5.8,1
429,21,71,62,73,2.4,1
430,23,100,80,67,7.3,1
431,22,64,80,72,7.3,1
432,21,75,52,83,2.5,1
433,23,71,58,74,0.8,1
434,21,42,88,73,2.5,1
435,18,40,52,58,0.1,1
436,19,55,52,80,2.6,1
437,23,82,71,74,4.4,1
438,23,55,70,61,3.7,1
439,18,51,81,63,5.8,1
440,16,67,76,69,4.2,1
441,16,59,92,80,6.1,1
442,16,80,60,66,1.7,1
443,25,83,84,71,7.3,1
444,16,69,69,99,4.2,1
445,16,66,61,77,4.0,1
446,17,69,74,86,4.2,1
447,20,79,93,72,6.5,1
448,25,71,61,57,1.9,1
449,17,88,63,83,5.2,1
450,24,76,61,59,3.8,1
451,17,51,80,53,4.0,1
452,17,74,92,78,7.2,1
453,25,74,73,90,3.8,1
454,25,64,87,93,5.3,1
455,16,68,78,80,7.7,1
456,17,52,53,62,2.4,1
457,22,65,75,75,5.4,1
458,17,49,76,71,4.0,1
459,22,77,71,55,1.9,1
460,21,45,52,91,0.2,1
461,23,51,60,70,1.8,1
462,22,72,45,49,0.7,1
463,17,68,74,51,0.7,1
464,21,51,90,81,2.9,1
465,23,65,74,72,2.9,1
466,24,83,77,74,4.1,1
467,24,49,54,55,0.7,1
468,22,86,79,65,6.2,1
469,19,79,84,79,4.6,1
470,23,67,66,70,1.2,1
471,20,78,76,72,3.9,1
472,25,91,70,76,4.9,1
473,16,77,100,85,7.6,1
474,21,58,77,57,3.4,1
475,25,46,85,65,1.1,1
476,22,95,83,97,7.7,1
477,23,87,78,79,7.7,1
478,21,79,47,57,0.9,1
479,24,60,60,60,1.4,1
480,19,40,66,85,3.5,1
481,22,83,85,76,5.4,1
482,22,87,100,92,6.3,1
483,23,47,70,81,4.7,1
484,16,71,67,95,6.3,1
485,24,79,73,74,4.8,1
486,18,93,100,83,5.2,1
487,22,75,100,86,7.7,1
488,19,74,59,70,4.1,1
489,25,52,72,58,1.8,1
490,18,49,73,69,2.8,1
491,22,100,97,81,7.4,1
492,21,58,74,81,3.6,1
493,23,55,48,65,0.8,1
494,17,57,54,64,0.2,1
495,18,83,73,73,7.4,1
496,22,82,89,93,7.7,1
497,18,54,53,62,1.5,1
498,23,49,62,84,4.7,1
499,19,57,47,50,2.2,1
500,24,50,57,74,1.5,1
501,20,45,80,72,5.4,1
502,22,84,63,89,4.7,1
503,25,50,45,75,1.4,1
504,18,57,67,72,2.5,1
505,21,64,78,82,5.5,1
506,18,79,48,66,3.9,1
507,18,66,74,68,4.4,1
508,16,94,96,77,6.9,1
509,19,94,80,64,6.5,1
510,22,78,73,79,5.7,1
511,25,56,48,58,0.2,1
512,18,94,64,71,6.2,1
513,23,77,78,76,4.4,1
514,21,50,74,56,4.3,1
515,23,78,74,81,4.4,1
516,20,65,93,82,7.0,1
517,17,89,70,71,3.5,1
518,25,98,88,65,5.5,1
519,22,65,67,64,1.3,1
520,21,76,68,69,4.3,1
521,20,61,87,81,2.3,1
522,17,57,61,53,1.1,1
523,16,90,84,88,7.9,1
524,21,74,84,64,6.6,1
525,23,48,49,60,1.1,1
526,17,71,69,54,3.2,1
527,21,53,72,83,3.6,1
528,17,61,64,81,5.8,1
529,21,85,73,98,6.8,1
530,23,58,70,58,2.1,1
531,25,71,45,76,1.0,1
532,16,45,62,51,0.8,1
533,17,91,96,92,7.4,1
534,18,82,78,100,7.1,1
535,20,54,63,54,0.7,1
536,16,52,63,84,3.2,1
537,19,73,73,71,3.4,1
538,25,66,63,64,1.8,1
539,21,93,82,82,6.5,1
540,22,61,61,57,0.7,1
541,21,96,99,81,7.0,1
542,18,50,45,56,0.5,1
543,18,66,55,76,3.5,1
544,23,92,88,83,6.9,1
545,17,50,94,71,4.7,1
546,20,81,77,89,5.2,1
547,25,66,65,78,2.3,1
548,19,51,55,71,4.1,1
549,20,80,58,76,5.2,1
550,19,82,61,65,4.0,1
551,16,92,86,92,7.9,1
552,21,60,80,83,4.4,1
553,17,63,60,63,0.1,1
554,22,72,64,63,4.1,1
555,22,54,79,64,3.4,1
556,17,63,59,67,2.5,1
557,18,59,84,80,4.3,1
558,17,49,41,76,2.5,1
559,19,67,65,48,0.5,1
560,20,80,74,70,5.3,1
561,16,75,73,88,5.7,1
562,20,55,75,76,1.3,1
563,20,97,96,72,5.9,1
564,24,67,55,48,0.5,1
565,17,66,72,75,4.0,1
566,18,57,76,73,2.0,1
567,17,58,64,70,1.8,1
568,23,59,74,65,2.9,1
569,16,89,65,65,4.4,1
570,22,89,77,98,7.3,1
571,25,41,68,76,3.0,1
572,16,100,98,87,7.6,1
573,20,77,86,69,6.2,1
574,20,76,69,86,4.5,1
575,23,100,61,71,2.9,1
576,24,60,81,79,6.1,1
577,22,39,53,60,0.2,1
578,21,53,45,43,0.0,0
579,20,49,58,58,0.8,1
580,18,78,100,89,5.7,1
581,24,78,62,69,3.3,1
582,24,43,63,59,1.1,1
583,25,53,54,56,0.5,1
584,22,100,78,68,5.6,1
585,20,68,62,66,1.9,1
586,17,54,51,66,1.3,1
587,24,68,56,49,2.9,1
588,17,65,54,46,1.3,1
589,25,61,49,67,0.3,1
590,21,72,78,72,3.2,1
591,18,44,64,60,0.2,1
592,23,49,61,57,0.8,1
593,16,87,82,84,6.6,1
594,17,63,74,92,4.7,1
595,16,92,100,85,8.0,1
596,21,54,64,61,1.0,1
597,25,66,58,62,3.5,1
598,21,70,67,72,1.7,1
599,18,49,52,58,0.3,1
600,24,82,81,76,3.8,1
601,22,72,54,52,1.6,1
602,16,70,90,74,7.9,1
603,24,71,93,75,6.3,1
604,16,73,71,88,2.6,1
605,20,71,58,65,0.5,1
606,18,20,55,55,0.8,0
607,16,94,76,88,6.1,1
608,18,59,45,54,1.4,1
609,21,100,89,94,7.3,1
610,25,80,97,67,7.6,1
611,23,73,76,85,4.3,1
612,16,77,98,72,4.2,1
613,19,76,88,86,6.5,1
614,16,32,36,49,0.2,0
615,17,100,62,63,6.8,1
616,22,94,70,81,4.7,1
617,18,62,86,68,5.9,1
618,24,77,96,68,5.5,1
619,19,80,68,75,5.3,1
620,18,68,100,69,5.8,1
621,22,84,70,84,6.8,1
622,25,71,40,55,1.8,1
623,18,75,72,61,2.6,1
624,17,96,74,65,6.6,1
625,21,68,79,77,3.6,1
626,17,82,91,80,5.8,1
627,22,96,79,74,7.8,1
628,17,91,86,67,6.6,1
629,19,80,71,61,1.3,1
630,17,67,64,70,0.6,1
631,17,76,71,61,4.4,1
632,23,68,64,82,5.6,1
633,25,86,89,83,7.1,1
634,24,85,79,69,5.8,1
635,20,74,72,56,2.4,1
636,16,62,60,72,2.9,1
637,25,76,76,53,3.8,1
638,23,57,80,89,6.8,1
639,23,82,100,74,7.2,1
640,22,74,60,71,3.0,1
641,23,71,53,75,2.1,1
642,17,72,52,72,0.7,1
643,25,73,68,39,1.8,1
644,23,68,76,82,4.6,1
645,22,80,73,96,7.2,1
646,25,47,73,60,1.2,1
647,18,88,82,56,7.8,1
648,22,77,66,59,1.6,1
649,25,85,52,75,2.1,1
650,22,77,82,63,4.4,1
651,16,69,72,69,6.3,1
652,18,79,50,60,4.5,1
653,17,79,84,79,7.4,1
654,21,97,83,95,7.0,1
655,25,83,78,83,4.9,1
656,22,69,65,55,0.3,1
657,19,47,59,54,0.4,1
658,20,72,78,51,2.5,1
659,17,87,97,82,7.8,1
660,21,43,52,73,2.2,1
661,19,79,65,58,3.5,1
662,21,82,76,79,6.6,1
663,20,60,90,64,5.7,1
664,18,58,73,47,1.5,1
665,19,66,61,63,0.3,1
666,23,81,69,68,4.0,1
667,16,49,65,76,1.9,1
668,24,62,80,86,2.8,1
669,17,58,70,43,2.3,1
670,19,62,73,68,5.2,1
671,22,92,51,67,4.1,1
672,18,63,76,74,5.2,1
673,20,92,70,72,4.9,1
674,22,72,76,82,6.8,1
675,20,82,68,85,5.4,1
676,21,81,67,68,4.5,1
677,17,65,80,68,3.9,1
678,20,69,54,63,1.5,1
679,16,85,68,71,6.4,1
680,16,60,86,75,5.2,1
681,22,66,55,87,3.2,1
682,21,77,82,89,5.8,1
683,23,77,74,92,7.3,1
684,24,41,67,67,1.4,1
685,20,53,71,97,5.8,1
686,17,53,67,85,1.8,1
687,22,75,89,73,6.3,1
688,23,79,48,51,0.4,1
689,25,68,51,68,0.6,1
690,20,59,74,65,3.3,1
691,19,91,65,73,2.7,1
692,18,79,66,79,6.2,1
693,18,77,71,71,2.5,1
694,25,99,62,79,6.1,1
695,17,47,65,52,1.0,1
696,16,62,61,70,0.3,1
697,16,84,71,82,7.1,1
698,19,62,71,59,1.8,1
699,17,61,65,73,3.1,1
700,20,60,58,69,3.6,1
701,22,94,85,88,7.1,1
702,19,53,78,53,1.3,1
703,16,61,58,64,1.8,1
704,18,43,56,45,1.0,0
705,22,82,98,100,7.0,1
706,17,87,94,77,5.2,1
707,22,75,77,68,3.6,1
708,16,56,58,54,2.4,1
709,20,71,66,84,5.0,1
710,25,50,64,65,0.9,1
711,19,78,56,83,4.9,1
712,22,62,79,70,2.4,1
713,19,68,79,80,5.5,1
714,17,82,80,75,6.7,1
715,17,96,89,90,6.2,1
716,23,76,85,94,7.9,1
717,17,97,67,69,6.5,1
718,22,92,95,87,5.9,1
719,16,66,69,50,0.1,1
720,25,85,64,56,2.1,1
721,21,36,79,63,1.5,1
722,23,92,70,64,6.4,1
723,17,54,30,65,1.1,0
724,25,65,61,67,3.9,1
725,25,65,71,61,3.0,1
726,18,49,49,73,3.9,1
727,23,55,68,56,0.4,1
728,25,60,84,100,5.8,1
729,21,65,59,57,4.2,1
730,23,74,63,59,2.8,1
731,24,82,84,92,7.1,1
732,23,76,87,77,6.8,1
733,23,60,75,55,2.6,1
734,22,67,70,80,3.2,1
735,25,77,62,79,3.6,1
736,16,67,48,69,0.8,1
737,16,89,56,66,6.6,1
738,24,42,51,43,1.7,0
739,21,90,64,71,6.6,1
740,25,88,62,58,3.8,1
741,17,57,59,53,0.8,1
742,20,86,70,76,4.4,1
743,18,79,56,65,3.9,1
744,19,65,72,60,1.5,1
745,23,85,92,79,6.6,1
746,25,55,70,56,1.0,1
747,25,94,97,79,7.6,1
748,22,81,70,81,6.7,1
749,18,87,96,88,5.5,1
750,25,94,74,81,7.1,1
751,25,84,77,100,7.3,1
752,23,73,92,89,6.4,1
753,24,57,45,61,2.4,1
754,19,34,56,58,1.6,0
755,21,97,99,88,7.4,1
756,24,76,77,81,5.6,1
757,21,48,61,69,4.5,1
758,24,46,77,52,2.3,1
759,24,55,63,70,0.9,1
760,18,89,86,78,7.9,1
761,16,71,96,94,5.5,1
762,17,79,70,63,4.9,1
763,19,70,77,81,5.9,1
764,20,56,89,79,5.5,1
765,22,96,86,81,7.7,1
766,20,60,78,50,1.6,1
767,23,97,74,69,6.6,1
768,24,62,86,92,5.9,1
769,19,72,81,69,2.4,1
770,24,65,69,65,1.0,1
771,20,51,56,55,1.0,1
772,18,72,71,55,0.3,1
773,25,75,100,76,6.7,1
774,21,70,86,69,4.2,1
775,24,48,59,51,1.3,1
776,21,85,60,91,2.6,1
777,25,94,73,73,4.2,1
778,21,69,83,63,3.6,1
779,25,87,70,52,2.0,1
780,17,81,60,67,3.1,1
781,24,66,97,76,6.6,1
782,19,66,71,70,2.6,1
783,24,66,68,68,4.3,1
784,22,75,89,98,6.7,1
785,22,94,71,81,5.2,1
786,21,67,64,63,0.3,1
787,20,65,71,72,4.5,1
788,22,80,87,72,3.5,1
789,24,54,53,59,0.0,1
790,17,62,59,68,2.9,1
791,20,69,100,61,4.9,1
792,16,85,66,70,3.8,1
793,22,86,75,73,6.4,1
794,21,78,100,84,7.7,1
795,18,75,61,39,1.0,1
796,20,55,62,49,1.7,1
797,19,59,59,73,3.3,1
798,20,68,71,81,1.6,1
799,16,100,69,68,6.8,1
800,20,80,78,82,5.4,1
801,25,67,77,69,3.9,1
802,25,52,63,72,0.6,1
803,21,69,90,65,4.9,1
804,21,81,92,90,7.7,1
805,19,71,72,67,5.7,1
806,21,96,74,83,7.0,1
807,20,83,82,78,3.9,1
808,18,88,91,96,7.1,1
809,17,96,66,65,5.8,1
810,25,51,49,57,3.2,1
811,24,75,56,63,2.1,1
812,22,56,66,49,1.8,1
813,20,54,61,62,1.1,1
814,19,83,89,67,6.8,1
815,18,83,86,66,6.1,1
816,18,72,70,78,5.9,1
817,19,80,89,79,6.1,1
818,24,100,78,90,7.3,1
819,23,100,89,100,7.1,1
820,20,100,82,92,6.7,1
821,18,55,79,72,3.0,1
822,20,64,80,62,3.0,1
823,21,69,99,80,6.5,1
824,18,68,72,82,3.5,1
825,20,66,73,64,1.7,1
826,19,62,67,74,3.3,1
827,23,55,63,65,3.8,1
828,18,78,83,85,4.6,1
829,16,87,90,91,7.1,1
830,22,67,74,73,4.8,1
831,20,88,100,71,7.6,1
832,19,83,67,69,6.6,1
833,18,67,76,66,5.0,1
834,25,48,77,83,4.7,1
835,17,29,53,52,0.1,0
836,25,37,45,64,0.8,0
837,16,63,81,93,7.0,1
838,25,81,100,73,4.3,1
839,22,69,76,65,4.2,1
840,23,78,71,87,6.3,1
841,25,67,69,64,0.8,1
842,20,97,68,72,4.8,1
843,16,81,65,77,5.7,1
844,19,77,74,85,5.5,1
845,18,60,66,57,3.4,1
846,25,60,58,51,2.2,1
847,22,65,72,62,4.4,1
848,20,68,77,63,4.6,1
849,18,71,68,65,6.8,1
850,18,64,40,61,0.8,1
851,24,73,73,63,4.9,1
852,17,92,68,82,6.6,1
853,17,57,63,71,0.5,1
854,22,77,59,72,4.9,1
855,25,58,52,60,0.5,1
856,24,64,80,69,2.3,1
857,24,63,68,67,5.6,1
858,18,71,57,72,0.7,1
859,22,68,71,63,3.2,1
860,24,38,77,47,2.3,1
861,21,69,60,79,2.8,1
862,22,70,74,84,4.6,1
863,17,62,74,82,4.5,1
864,20,92,90,68,7.0,1
865,23,66,80,84,7.7,1
866,23,46,96,64,5.5,1
867,23,74,67,77,0.9,1
868,19,79,73,84,6.4,1
869,24,59,50,72,0.1,1
870,21,67,70,57,0.6,1
871,21,54,60,64,1.7,1
872,19,43,78,87,4.0,1
873,20,64,71,60,1.7,1
874,17,54,85,74,1.0,1
875,23,75,62,85,4.9,1
876,25,68,85,55,2.5,1
877,25,48,86,88,7.0,1
878,19,74,90,86,6.0,1
879,22,56,68,59,3.8,1
880,18,81,81,79,3.7,1
881,21,85,79,68,5.5,1
882,25,77,87,87,6.9,1
883,20,61,65,64,3.8,1
884,21,66,58,75,2.9,1
885,25,51,57,69,1.0,1
886,19,78,79,68,4.4,1
887,18,82,72,85,3.8,1
888,24,91,69,83,4.3,1
889,20,61,70,72,4.5,1
890,20,66,63,63,3.8,1
891,21,53,76,69,2.1,1
892,22,48,80,43,1.0,1
893,19,64,64,81,4.6,1
894,21,75,60,77,5.4,1
895,17,63,84,72,3.0,1
896,21,74,62,63,3.4,1
897,17,51,67,52,0.6,1
898,25,60,76,86,5.2,1
899,21,65,79,87,6.0,1
900,18,98,66,57,5.8,1
901,17,57,66,75,1.7,1
902,16,50,42,70,0.2,1
903,17,54,57,71,0.8,1
904,19,58,61,79,2.0,1
905,18,73,76,58,4.2,1
906,23,90,89,54,3.7,1
907,24,87,68,76,3.6,1
908,25,83,62,60,3.5,1
909,21,71,77,68,3.9,1
910,18,76,86,67,2.4,1
911,18,64,68,89,2.8,1
912,23,50,68,49,2.4,1
913,25,73,64,54,1.8,1
914,22,71,61,51,2.0,1
915,22,76,71,47,1.8,1
916,25,78,79,71,6.5,1
917,24,60,94,82,6.5,1
918,23,83,74,88,4.9,1
919,19,83,91,94,2.6,1
920,20,68,61,50,2.2,1
921,19,66,60,46,0.7,1
922,23,97,70,88,8.0,1
923,21,57,53,60,0.6,1
924,24,82,79,89,3.8,1
925,22,96,96,79,6.6,1
926,23,83,72,65,2.0,1
927,17,85,72,68,4.2,1
928,21,50,59,47,1.3,1
929,24,71,89,79,4.2,1
930,19,100,89,94,7.8,1
931,16,59,67,64,1.3,1
932,16,71,69,59,4.6,1
933,18,72,72,80,3.0,1
934,16,66,48,49,0.5,1
935,17,62,91,67,1.0,1
936,23,59,91,79,5.9,1
937,18,81,69,54,2.0,1
938,23,55,66,73,1.5,1
939,23,76,44,63,2.2,1
940,18,67,77,59,3.6,1
941,23,47,48,60,0.0,1
942,21,81,83,94,6.2,1
943,24,88,98,80,6.6,1
944,20,58,64,64,2.6,1
945,24,100,85,76,5.3,1
946,17,73,84,79,3.9,1
947,22,57,75,75,5.3,1
948,25,89,100,78,5.7,1
949,23,91,75,76,7.4,1
950,22,72,84,76,6.6,1
951,25,67,66,58,2.1,1
952,24,85,58,50,0.8,1
953,19,52,51,76,1.5,1
954,24,63,82,78,3.3,1
955,21,72,67,90,5.4,1
956,24,80,66,74,3.2,1
957,25,62,78,79,3.5,1
958,21,67,56,56,3.3,1
959,21,66,73,76,4.9,1
960,20,39,41,76,2.9,1
961,16,94,78,45,5.8,1
962,20,51,65,59,0.1,1
963,21,63,42,58,0.2,1
964,24,88,70,71,4.6,1
965,23,73,76,62,2.8,1
966,20,53,39,75,0.7,1
967,17,80,73,84,5.8,1
968,25,65,96,87,6.6,1
969,16,73,78,93,5.8,1
970,21,90,61,90,7.0,1
971,17,85,100,79,7.0,1
972,22,55,49,59,0.4,1
973,25,51,61,79,1.2,1
974,22,92,88,70,7.8,1
975,17,59,74,68,1.8,1
976,25,82,72,75,6.0,1
977,22,71,67,80,4.0,1
978,23,79,57,64,3.2,1
979,24,81,73,55,2.0,1
980,17,83,51,67,0.9,1
981,19,63,66,57,2.6,1
982,25,100,88,66,6.6,1
983,23,59,51,49,0.4,1
984,17,72,85,70,0.9,1
985,18,83,83,79,7.0,1
986,23,64,63,85,3.8,1
987,19,52,62,48,1.6,1
988,18,79,74,68,5.6,1
989,24,60,66,64,0.3,1
990,16,53,75,69,3.7,1
991,20,85,72,82,5.3,1
992,22,68,42,84,1.8,1
993,17,67,87,87,7.2,1
994,23,77,74,70,4.5,1
995,24,44,67,82,2.4,1
996,21,77,79,100,5.0,1
997,24,72,69,32,2.2,1
998,16,100,94,80,7.6,1
999,21,80,81,62,7.2,1
1000,25,100,80,71,7.0,1
1001,25,85,57,57,1.2,1
1002,19,88,63,68,5.2,1
1003,19,75,100,75,6.9,1
1004,18,74,71,73,5.2,1
1005,17,78,73,65,4.5,1
1006,16,100,89,71,6.1,1
1007,22,63,46,56,2.4,1
1008,18,64,87,82,6.2,1
1009,25,61,67,68,4.9,1
1010,16,61,63,58,2.9,1
1011,24,65,87,84,6.8,1
1012,23,70,62,65,1.1,1
1013,16,92,84,79,7.4,1
1014,19,49,87,48,0.5,1
1015,25,64,83,71,3.9,1
1016,16,86,84,60,4.9,1
1017,22,73,61,54,4.9,1
1018,16,67,54,78,4.2,1
1019,16,83,98,83,7.0,1
1020,22,71,71,69,4.1,1
1021,20,84,58,69,3.5,1
1022,20,81,89,78,4.9,1
1023,18,66,67,64,3.7,1
1024,25,84,85,77,7.5,1
1025,22,78,69,84,2.6,1
1026,23,42,52,75,0.7,1
1027,18,82,83,68,5.7,1
1028,24,81,75,50,5.7,1
1029,25,76,94,85,7.6,1
1030,25,56,89,76,7.0,1
1031,18,57,51,57,1.4,1
1032,23,83,76,86,2.3,1
1033,19,55,55,48,0.0,1
1034,16,74,68,74,4.9,1
1035,23,54,76,91,3.6,1
1036,20,76,57,68,5.0,1
1037,16,71,66,66,1.5,1
1038,25,84,76,100,6.7,1
1039,16,65,60,59,0.9,1
1040,25,90,48,63,4.6,1
1041,25,86,72,59,2.9,1
1042,17,100,83,75,6.1,1
1043,23,56,53,51,1.1,1
1044,19,72,90,84,4.9,1
1045,24,68,90,100,7.9,1
1046,20,54,75,63,3.4,1
1047,25,83,93,72,8.0,1
1048,23,65,79,84,3.9,1
1049,20,88,88,79,7.8,1
1050,19,76,93,79,6.4,1
1051,21,69,61,58,2.8,1
1052,20,66,77,90,6.3,1
1053,21,87,87,67,6.1,1
1054,16,91,90,97,6.7,1
1055,23,89,71,67,7.3,1
1056,24,85,66,85,7.2,1
1057,16,75,100,75,6.7,1
1058,19,87,63,93,4.6,1
1059,21,70,76,56,0.5,1
1060,24,91,73,75,6.7,1
1061,25,60,51,72,0.9,1
1062,20,53,62,70,3.3,1
1063,23,76,96,84,6.6,1
1064,16,90,91,72,6.2,1
1065,16,86,79,73,6.4,1
1066,24,76,58,82,2.5,1
1067,17,98,77,90,6.6,1
1068,23,81,73,65,3.1,1
1069,20,78,73,92,7.5,1
1070,16,65,62,45,0.8,1
1071,16,63,96,70,4.6,1
1072,20,79,76,58,4.3,1
1073,20,59,63,54,1.2,1
1074,19,62,65,70,4.3,1
1075,20,78,83,83,4.6,1
1076,16,49,44,65,1.0,1
1077,17,77,75,63,3.1,1
1078,23,50,68,91,4.9,1
1079,24,75,50,57,0.6,1
1080,23,56,54,75,0.8,1
1081,23,76,70,77,3.8,1
1082,21,61,64,55,3.1,1
1083,21,82,73,64,3.6,1
1084,18,74,57,77,2.3,1
1085,24,67,42,55,0.8,1
1086,20,87,64,78,4.3,1
1087,25,70,75,71,1.9,1
1088,25,71,84,68,3.4,1
1089,21,74,90,93,4.4,1
1090,25,94,94,88,6.7,1
1091,21,75,68,76,4.4,1
1092,17,75,62,65,5.5,1
1093,21,68,68,80,4.0,1
1094,16,56,74,68,6.1,1
1095,20,60,65,65,3.1,1
1096,25,71,72,58,6.4,1
1097,22,100,62,65,5.7,1
1098,24,59,76,75,3.2,1
1099,21,84,85,55,7.2,1
1100,17,70,89,75,6.9,1
1101,25,62,79,60,3.2,1
1102,18,80,76,80,3.8,1
1103,21,100,100,77,6.7,1
1104,17,70,91,91,5.2,1
1105,22,90,92,90,7.8,1
1106,25,62,77,74,7.4,1
1107,22,61,77,78,4.4,1
1108,25,86,70,56,4.0,1
1109,20,57,67,82,3.3,1
1110,21,56,43,64,0.9,1
1111,18,54,76,77,5.8,1
1112,24,47,63,59,0.6,1
1113,23,65,62,69,5.0,1
1114,25,51,76,70,2.5,1
1115,16,56,71,70,3.8,1
1116,20,51,90,71,2.3,1
1117,20,74,78,71,5.8,1
1118,16,77,73,91,5.3,1
1119,16,76,72,71,2.3,1
1120,18,66,75,82,4.9,1
1121,17,90,66,69,4.8,1
1122,18,53,61,55,2.1,1
1123,24,79,88,94,6.9,1
1124,18,100,83,69,6.7,1
1125,22,46,70,69,1.9,1
1126,21,75,56,79,0.4,1
1127,16,52,67,63,1.3,1
1128,24,42,60,56,1.9,1
1129,20,61,60,73,1.2,1
1130,21,80,86,80,7.7,1
1131,24,87,74,92,5.1,1
1132,21,52,68,59,2.2,1
1133,25,70,51,67,3.1,1
1134,19,55,58,44,4.2,1
1135,21,62,56,77,4.4,1
1136,17,77,68,89,5.5,1
1137,20,66,63,78,1.5,1
1138,19,78,76,70,7.6,1
1139,17,48,53,63,0.7,1
1140,18,66,82,74,7.2,1
1141,23,87,83,93,5.3,1
1142,21,62,67,58,2.1,1
1143,16,65,72,76,3.1,1
1144,23,54,66,60,0.6,1
1145,22,53,62,65,1.4,1
1146,17,75,85,77,7.3,1
1147,17,54,40,73,0.6,1
1148,16,86,82,75,7.5,1
1149,21,70,79,92,7.2,1
1150,22,62,66,51,3.2,1
1151,17,100,74,77,4.3,1
1152,25,59,84,72,4.3,1
1153,20,47,49,80,3.2,1
1154,21,65,41,66,0.6,1
1155,19,72,65,69,1.4,1
1156,17,92,74,78,5.0,1
1157,23,83,86,75,5.9,1
1158,23,51,73,55,3.1,1
1159,23,78,63,75,4.3,1
1160,16,65,65,58,2.7,1
1161,19,74,72,70,6.5,1
1162,18,56,81,81,5.9,1
1163,18,96,75,66,3.9,1
1164,18,49,41,44,0.1,0
1165,17,77,84,72,3.6,1
1166,23,69,73,72,4.8,1
1167,19,81,41,66,3.4,1
1168,25,63,62,96,4.4,1
1169,19,70,75,82,6.1,1
1170,22,64,57,68,1.3,1
1171,19,89,87,90,7.4,1
1172,18,41,56,60,0.1,1
1173,18,80,72,78,7.4,1
1174,23,95,83,90,5.5,1
1175,24,69,78,65,3.6,1
1176,23,59,94,84,4.9,1
1177,20,74,68,77,2.8,1
1178,17,84,98,52,5.0,1
1179,24,64,48,64,1.8,1
1180,18,84,91,74,5.5,1
1181,18,63,60,59,1.3,1
1182,20,72,74,52,2.7,1
1183,16,72,64,63,0.8,1
1184,24,61,74,52,0.9,1
1185,25,56,84,79,4.6,1
1186,17,60,82,77,2.6,1
1187,19,69,81,48,3.0,1
1188,18,64,58,61,1.7,1
1189,21,56,46,69,1.1,1
1190,18,54,50,57,0.3,1
1191,17,75,85,68,6.8,1
1192,25,81,69,40,1.3,1
1193,18,65,72,63,4.6,1
1194,19,81,80,67,4.7,1
1195,22,78,90,59,5.9,1
1196,25,73,100,71,7.6,1
1197,22,99,91,83,7.8,1
1198,24,64,76,55,3.2,1
1199,17,70,85,86,3.6,1
1200,19,60,56,77,1.1,1
1201,17,51,51,47,0.1,0
1202,25,59,39,65,0.2,1
1203,22,72,51,64,1.5,1
1204,17,66,64,57,3.1,1
1205,20,65,96,53,3.4,1
1206,17,69,63,94,5.0,1
1207,24,73,66,90,7.6,1
1208,25,63,47,71,0.3,1
1209,17,73,69,67,4.5,1
1210,23,91,80,57,5.9,1
1211,19,79,71,87,6.0,1
1212,22,55,75,70,2.2,1
1213,23,77,62,53,4.0,1
1214,20,64,60,81,3.6,1
1215,17,64,59,59,1.5,1
1216,17,63,57,77,0.9,1
1217,23,68,87,73,1.2,1
1218,24,86,75,84,7.5,1
1219,16,86,74,69,2.3,1
1220,21,97,61,81,3.3,1
1221,21,63,60,61,3.9,1
1222,25,55,63,57,1.1,1
1223,20,55,70,68,1.8,1
1224,20,63,83,90,3.6,1
1225,24,86,62,61,2.3,1
1226,18,43,88,85,1.3,1
1227,25,58,68,60,1.0,1
1228,21,84,95,92,7.8,1
1229,18,74,75,88,4.3,1
1230,23,75,100,100,7.4,1
1231,24,77,100,75,7.8,1
1232,25,77,83,60,5.3,1
1233,23,76,75,82,2.7,1
1234,17,69,49,78,2.5,1
1235,23,59,81,72,2.9,1
1236,20,75,81,74,1.6,1
1237,17,75,96,73,7.8,1
1238,16,75,82,86,7.3,1
1239,22,60,75,52,3.0,1
1240,24,84,58,51,0.7,1
1241,22,75,100,89,6.4,1
1242,22,57,57,61,1.1,1
1243,19,79,65,55,2.4,1
1244,25,100,90,83,6.0,1
1245,20,50,64,70,3.3,1
1246,18,75,80,91,6.7,1
1247,20,76,97,77,6.7,1
1248,16,60,56,77,1.2,1
1249,23,54,53,72,1.0,1
1250,19,79,58,48,0.2,1
1251,17,65,85,67,4.8,1
1252,23,89,92,74,7.8,1
1253,25,54,71,67,0.1,1
1254,18,77,78,71,2.9,1
1255,21,52,73,67,0.4,1
1256,18,83,75,74,6.1,1
1257,21,91,70,76,7.0,1
1258,21,75,42,53,0.8,1
1259,16,55,80,44,1.1,1
1260,18,72,64,68,0.8,1
1261,19,63,76,97,6.4,1
1262,24,70,83,66,5.6,1
1263,17,60,62,53,0.9,1
1264,18,96,94,70,6.5,1
1265,21,53,79,68,1.4,1
1266,18,81,76,82,5.5,1
1267,17,69,65,81,3.4,1
1268,22,57,73,72,0.3,1
1269,24,48,80,82,4.7,1
1270,16,81,85,55,6.0,1
1271,19,79,91,79,4.7,1
1272,20,86,83,87,7.6,1
1273,24,69,73,95,6.2,1
1274,16,81,67,47,4.2,1
1275,18,52,78,87,7.2,1
1276,24,87,67,82,6.8,1
1277,18,76,69,64,3.5,1
1278,19,80,57,81,4.1,1
1279,21,63,64,64,1.0,1
1280,24,59,91,83,5.8,1
1281,22,55,60,77,2.3,1
1282,24,66,81,68,3.3,1
1283,17,92,61,80,7.2,1
1284,23,78,67,83,5.4,1
1285,17,44,71,79,1.0,1
1286,18,54,68,60,0.5,1
1287,25,74,88,69,6.8,1
1288,25,80,76,56,4.7,1
1289,22,51,44,80,2.8,1
1290,18,78,87,83,6.1,1
1291,23,64,63,63,1.8,1
1292,23,54,89,74,5.4,1
1293,21,55,58,78,1.2,1
1294,23,89,87,92,6.3,1
1295,23,49,67,70,4.0,1
1296,16,86,92,80,7.9,1
1297,23,55,75,79,2.5,1
1298,20,86,91,90,7.1,1
1299,20,72,80,70,5.7,1
1300,24,57,54,76,4.6,1
1301,24,55,73,50,0.4,1
1302,20,77,70,68,2.6,1
1303,21,66,65,75,2.8,1
1304,17,61,81,69,3.4,1
1305,16,76,94,57,5.3,1
1306,17,68,90,85,7.0,1
1307,24,42,72,48,2.6,1
1308,20,45,55,61,0.2,1
1309,21,54,78,70,3.0,1
1310,19,60,49,67,2.7,1
1311,21,50,89,68,1.3,1
1312,17,98,74,78,6.7,1
1313,16,45,57,49,2.4,1
1314,25,36,58,65,0.8,1
1315,24,75,91,66,3.8,1
1316,20,60,63,68,3.5,1
1317,22,45,63,46,2.0,1
1318,24,75,77,77,6.9,1
1319,23,49,50,79,2.1,1
1320,25,57,87,79,5.8,1
1321,23,70,75,60,1.2,1
1322,21,94,97,73,6.9,1
1323,22,61,71,63,2.1,1
1324,19,50,63,69,0.9,1
1325,20,57,67,69,3.7,1
1326,18,61,84,69,2.2,1
1327,20,86,97,87,5.3,1
1328,16,53,66,55,0.4,1
1329,20,92,78,71,6.9,1
1330,17,81,81,53,3.2,1
1331,19,55,35,44,0.9,0
1332,24,59,71,61,2.0,1
1333,17,71,100,77,6.2,1
1334,19,63,88,87,7.5,1
1335,19,77,91,73,7.8,1
1336,21,69,89,84,5.6,1
1337,23,100,73,85,5.5,1
1338,21,77,100,83,6.6,1
1339,25,54,38,81,0.3,1
1340,19,72,53,75,2.0,1
1341,21,77,73,82,7.2,1
1342,16,97,62,99,7.3,1
1343,20,83,59,61,2.4,1
1344,18,100,70,66,7.3,1
1345,22,79,86,81,6.3,1
1346,22,70,80,91,7.4,1
1347,17,76,71,71,6.6,1
1348,24,91,78,78,5.9,1
1349,16,80,88,74,5.1,1
1350,19,74,75,78,5.0,1
1351,18,58,46,62,2.0,1
1352,25,71,81,68,5.5,1
1353,23,87,90,73,7.0,1
1354,20,55,57,68,1.6,1
1355,22,91,82,100,7.6,1
1356,25,66,100,60,5.0,1
1357,19,65,62,56,2.1,1
1358,18,46,41,79,0.7,1
1359,17,34,54,77,0.1,1
1360,23,48,58,56,0.9,1
1361,20,57,66,75,2.3,1
1362,20,65,82,83,5.8,1
1363,18,64,56,53,0.2,1
1364,25,79,77,76,5.5,1
1365,18,94,83,83,7.0,1
1366,22,90,80,82,5.9,1
1367,16,68,53,52,0.4,1
1368,25,90,80,76,5.7,1
1369,24,71,87,56,5.0,1
1370,24,79,61,66,0.3,1
1371,23,89,82,77,7.4,1
1372,18,76,53,91,2.1,1
1373,23,93,69,88,7.0,1
1374,20,70,77,66,4.9,1
1375,21,78,86,46,3.5,1
1376,24,83,73,65,6.8,1
1377,16,68,65,58,1.5,1
1378,23,70,96,69,3.5,1
1379,16,84,70,65,3.5,1
1380,18,60,79,74,1.0,1
1381,18,81,63,66,6.7,1
1382,19,66,89,71,4.7,1
1383,25,68,58,59,1.4,1
1384,21,55,50,46,0.2,1
1385,22,72,66,67,3.0,1
1386,23,84,76,70,6.6,1
1387,20,100,77,60,4.8,1
1388,21,60,100,82,7.6,1
1389,25,73,46,59,1.0,1
1390,17,93,70,70,4.4,1
1391,20,84,57,80,1.4,1
1392,18,79,56,77,3.1,1
1393,18,46,61,65,1.0,1
1394,25,49,50,47,1.1,0
1395,24,50,67,63,1.6,1
1396,17,95,87,65,6.1,1
1397,22,87,84,89,5.0,1
1398,18,81,70,79,7.4,1
1399,17,40,75,61,2.3,1
1400,18,77,76,83,5.5,1
1401,22,69,67,71,2.4,1
1402,22,69,53,73,3.3,1
1403,20,48,58,84,2.8,1
1404,23,62,67,73,1.4,1
1405,17,65,61,67,3.3,1
1406,23,55,74,100,5.0,1
1407,18,91,78,64,1.7,1
1408,22,90,79,73,4.3,1
1409,18,63,80,66,5.2,1
1410,23,48,72,54,2.4,1
1411,22,86,85,85,6.4,1
1412,19,100,88,94,6.9,1
1413,19,54,57,73,3.5,1
1414,23,69,56,65,1.2,1
1415,18,65,84,88,5.9,1
1416,19,63,44,56,1.6,1
1417,16,84,80,58,2.7,1
1418,23,83,69,70,5.9,1
1419,20,44,65,57,0.3,1
1420,23,34,66,66,1.9,1
1421,25,88,76,57,2.5,1
1422,23,81,69,66,5.0,1
1423,22,53,64,56,0.2,1
1424,19,81,65,53,4.7,1
1425,23,53,77,81,1.0,1
1426,21,74,89,60,6.4,1
1427,25,59,59,58,1.7,1
1428,18,74,85,80,4.8,1
1429,23,65,69,87,2.4,1
1430,21,79,88,93,5.4,1
1431,24,67,62,57,0.3,1
1432,19,66,91,71,3.9,1
1433,16,55,73,90,6.2,1
1434,25,57,71,54,5.4,1
1435,23,100,78,96,6.4,1
1436,25,76,100,72,6.3,1
1437,16,74,78,74,4.1,1
1438,20,88,80,65,5.7,1
1439,17,45,77,68,1.2,1
1440,22,85,100,79,6.2,1
1441,23,60,67,56,2.7,1
1442,21,89,77,91,5.0,1
1443,24,71,90,61,3.4,1
1444,23,91,70,81,7.6,1
1445,16,71,53,66,3.5,1
1446,21,64,73,66,2.5,1
1447,16,93,75,76,3.1,1
1448,24,98,68,93,7.8,1
1449,24,81,75,70,7.0,1
1450,24,93,83,82,4.9,1
1451,19,71,74,72,7.1,1
1452,22,83,85,75,6.2,1
1453,24,62,49,89,2.7,1
1454,20,88,54,64,1.7,1
1455,21,80,83,82,6.1,1
1456,19,66,79,89,6.7,1
1457,24,69,64,56,0.9,1
1458,16,71,92,74,6.1,1
1459,25,45,89,87,5.9,1
1460,25,43,94,71,5.7,1
1461,25,57,80,70,1.9,1
1462,18,63,71,76,5.7,1
1463,21,78,91,66,4.1,1
1464,22,83,86,81,6.6,1
1465,18,59,75,58,3.8,1
1466,24,77,91,69,6.2,1
1467,22,76,64,82,8.0,1
1468,18,47,73,74,1.2,1
1469,18,71,86,79,7.7,1
1470,16,66,90,74,6.0,1
1471,17,69,79,71,4.8,1
1472,18,57,56,71,0.9,1
1473,20,72,66,69,3.9,1
1474,20,81,89,99,7.1,1
1475,23,50,55,71,0.0,1
1476,20,76,90,63,4.5,1
1477,23,85,78,89,6.7,1
1478,23,89,88,88,5.3,1
1479,17,74,72,80,6.4,1
1480,24,68,52,51,0.4,1
1481,20,88,64,59,5.2,1
1482,20,63,85,82,4.5,1
1483,19,65,82,94,7.6,1
1484,23,67,89,73,4.0,1
1485,24,81,64,64,1.4,1
1486,25,88,76,58,3.6,1
1487,22,45,77,70,4.7,1
1488,16,88,81,87,6.9,1
1489,17,76,85,90,7.8,1
1490,18,83,61,70,2.5,1
1491,25,93,100,81,7.7,1
1492,18,73,65,78,3.3,1
1493,17,57,73,62,0.4,1
1494,24,81,72,71,3.1,1
1495,23,75,75,58,4.4,1
1496,16,44,81,63,2.2,1
1497,19,75,76,68,6.1,1
1498,24,55,73,62,1.6,1
1499,18,67,79,88,6.3,1
1500,16,74,97,76,6.5,1
1501,18,67,51,44,0.0,1
1502,22,73,93,78,8.0,1
1503,24,72,77,70,2.3,1
1504,17,83,77,43,6.6,1
1505,22,40,63,83,1.7,1
1506,20,66,85,75,7.8,1
1507,21,50,71,83,2.7,1
1508,16,76,78,74,4.9,1
1509,18,83,59,70,3.3,1
1510,17,57,90,61,4.3,1
1511,23,63,94,80,5.4,1
1512,18,71,95,53,6.7,1
1513,17,81,67,71,3.7,1
1514,20,78,76,69,5.4,1
1515,25,78,69,100,5.0,1
1516,16,59,80,57,2.2,1
1517,19,72,55,66,0.1,1
1518,24,77,57,67,4.0,1
1519,25,70,74,62,5.4,1
1520,18,52,58,63,2.1,1
1521,24,74,100,100,5.8,1
1522,24,79,66,55,4.9,1
1523,16,66,66,100,7.5,1
1524,22,91,79,83,6.8,1
1525,24,56,85,76,3.7,1
1526,20,78,76,80,7.3,1
1527,22,75,70,80,1.6,1
1528,22,88,94,79,7.7,1
1529,21,61,63,49,2.5,1
1530,25,83,100,71,6.4,1
1531,19,59,70,71,0.9,1
1532,19,88,89,68,7.5,1
1533,17,70,74,77,5.0,1
1534,21,84,78,64,7.1,1
1535,16,75,89,79,7.4,1
1536,16,69,71,82,4.5,1
1537,17,54,88,77,4.9,1
1538,23,51,75,49,3.1,1
1539,25,47,46,74,0.8,1
1540,25,63,74,72,1.5,1
1541,17,87,55,82,4.7,1
1542,21,78,68,59,3.4,1
1543,19,65,62,52,1.1,1
1544,21,57,81,56,2.5,1
1545,18,62,66,83,3.8,1
1546,18,54,38,60,0.5,1
1547,16,71,77,84,3.4,1
1548,21,49,46,66,1.5,1
1549,23,66,88,87,4.8,1
1550,22,61,85,80,2.6,1
1551,16,86,65,68,4.0,1
1552,19,49,61,41,1.9,1
1553,21,72,90,80,6.5,1
1554,16,56,64,62,0.6,1
1555,20,51,53,53,3.5,1
1556,19,86,73,83,1.6,1
1557,18,58,65,87,2.7,1
1558,17,58,53,51,0.2,1
1559,17,69,79,61,2.7,1
1560,18,93,100,77,7.5,1
1561,22,89,87,96,7.0,1
1562,19,62,70,64,4.3,1
1563,22,86,91,78,7.8,1
1564,24,59,71,73,2.4,1
1565,20,100,61,86,7.0,1
1566,17,74,86,65,6.3,1
1567,18,71,57,60,4.1,1
1568,23,59,59,52,1.4,1
1569,23,68,80,58,5.7,1
1570,25,91,84,96,5.2,1
1571,23,74,90,90,6.9,1
1572,21,52,80,74,2.0,1
1573,20,59,83,57,3.6,1
1574,22,73,61,74,3.6,1
1575,23,59,71,68,2.5,1
1576,21,100,82,92,7.2,1
1577,24,81,52,78,5.1,1
1578,16,75,66,86,4.4,1
1579,20,71,51,64,2.4,1
1580,18,100,89,67,8.0,1
1581,20,48,76,62,0.1,1
1582,22,69,83,78,6.6,1
1583,24,100,81,85,7.9,1
1584,19,89,52,69,3.8,1
1585,23,57,84,74,5.8,1
1586,22,68,50,69,1.7,1
1587,21,66,54,62,1.1,1
1588,21,51,53,75,2.7,1
1589,22,75,72,67,6.1,1
1590,16,76,100,100,7.4,1
1591,21,81,51,64,4.5,1
1592,22,56,52,72,1.6,1
1593,19,55,96,65,3.8,1
1594,18,50,57,61,0.8,1
1595,25,72,76,79,3.9,1
1596,19,61,54,65,2.3,1
1597,21,82,92,67,4.1,1
1598,17,62,45,71,1.0,1
1599,22,89,83,85,7.6,1
1600,23,72,53,59,1.3,1
1601,19,67,64,77,4.0,1
1602,17,81,76,75,6.6,1
1603,21,93,77,67,7.3,1
1604,20,66,86,71,5.2,1
1605,20,77,50,63,3.1,1
1606,25,82,57,83,5.9,1
1607,18,92,89,96,5.6,1
1608,18,70,59,60,2.2,1
1609,17,75,71,45,5.6,1
1610,24,60,48,75,1.0,1
1611,24,73,92,78,6.1,1
1612,23,70,47,49,0.2,1
1613,23,66,47,67,3.0,1
1614,17,78,90,88,5.7,1
1615,23,84,78,72,3.9,1
1616,18,99,71,77,3.8,1
1617,16,77,81,74,4.9,1
1618,16,69,84,83,5.4,1
1619,19,89,71,74,5.7,1
1620,24,76,72,54,5.1,1
1621,22,61,84,85,5.5,1
1622,19,88,80,87,7.4,1
1623,17,57,57,66,0.1,1
1624,17,45,78,53,1.8,1
1625,18,92,83,80,5.8,1
1626,19,65,87,70,5.0,1
1627,22,61,71,67,1.0,1
1628,21,66,59,67,0.1,1
1629,20,72,80,77,5.2,1
1630,25,80,90,71,4.0,1
1631,25,76,58,79,1.4,1
1632,18,63,52,52,2.7,1
1633,21,83,84,100,7.8,1
1634,23,70,64,63,3.1,1
1635,25,79,79,77,5.6,1
1636,19,72,81,63,5.9,1
1637,16,51,61,53,1.1,1
1638,19,96,64,68,7.4,1
1639,21,50,79,80,1.1,1
1640,22,81,77,77,5.2,1
1641,21,66,71,94,2.7,1
1642,19,56,69,80,4.9,1
1643,23,87,82,78,5.0,1
1644,18,83,91,86,7.5,1
1645,24,89,80,93,6.6,1
1646,20,69,65,73,1.3,1
1647,25,60,76,60,2.0,1
1648,23,50,70,60,0.6,1
1649,18,55,79,66,3.8,1
1650,23,58,41,73,0.2,1
1651,20,85,90,73,4.8,1
1652,23,77,54,62,2.3,1
1653,21,52,62,63,1.1,1
1654,24,79,72,84,5.8,1
1655,22,96,85,68,7.5,1
1656,25,58,85,41,0.6,1
1657,17,60,66,62,3.1,1
1658,21,74,56,73,4.1,1
1659,16,93,69,75,5.2,1
1660,21,78,69,61,5.0,1
1661,18,45,69,65,2.1,1
1662,18,71,59,46,0.1,1
1663,22,45,57,63,3.2,1
1664,22,59,47,70,1.3,1
1665,24,79,78,79,7.7,1
1666,17,70,42,54,0.9,1
1667,18,68,83,66,2.2,1
1668,18,79,87,79,6.5,1
1669,22,60,59,77,4.2,1
1670,18,71,74,86,1.6,1
1671,23,74,82,73,4.5,1
1672,19,41,74,60,2.1,1
1673,25,55,57,67,0.9,1
1674,17,68,57,62,2.7,1
1675,17,52,84,51,0.1,1
1676,16,39,58,62,0.8,1
1677,25,80,71,55,4.2,1
1678,25,70,54,85,3.4,1
1679,21,97,77,77,6.5,1
1680,21,85,85,80,7.0,1
1681,22,83,76,61,5.8,1
1682,20,70,87,75,7.6,1
1683,23,67,66,69,4.9,1
1684,21,59,55,62,0.1,1
1685,21,78,91,74,5.4,1
1686,21,47,93,60,3.4,1
1687,17,76,87,85,5.9,1
1688,25,91,81,76,6.3,1
1689,23,74,98,59,6.4,1
1690,18,76,97,78,7.2,1
1691,24,67,82,63,1.9,1
1692,22,82,100,87,7.9,1
1693,21,84,78,81,7.2,1
1694,17,89,91,69,5.3,1
1695,23,49,38,77,0.7,1
1696,25,48,45,79,0.5,1
1697,22,82,49,68,5.2,1
1698,20,61,64,64,0.9,1
1699,25,84,81,69,7.5,1
1700,22,90,79,73,4.6,1
1701,24,51,70,66,1.5,1
1702,18,50,67,68,4.2,1
1703,22,61,49,63,0.1,1
1704,19,61,58,75,4.0,1
1705,18,92,64,86,6.0,1
1706,24,88,100,100,7.9,1
1707,25,76,60,68,3.8,1
1708,21,48,57,44,1.2,0
1709,19,100,86,81,5.6,1
1710,22,77,76,46,2.4,1
1711,18,76,85,70,7.9,1
1712,22,34,60,67,3.1,1
1713,19,72,77,68,5.6,1
1714,16,100,81,69,6.8,1
1715,18,60,79,79,4.6,1
1716,19,73,98,78,5.9,1
1717,25,63,38,42,0.8,0
1718,18,100,100,97,7.4,1
1719,18,96,96,77,7.6,1
1720,18,85,74,76,5.0,1
1721,19,62,83,77,3.2,1
1722,17,97,92,67,6.2,1
1723,20,73,77,79,5.1,1
1724,24,66,36,50,1.8,1
1725,23,63,46,71,2.2,1
1726,22,77,73,73,2.4,1
1727,24,61,60,52,1.5,1
1728,24,65,58,70,3.9,1
1729,17,83,96,92,6.0,1
1730,18,71,47,62,0.0,1
1731,16,60,67,44,1.0,1
1732,16,48,66,68,0.7,1
1733,24,78,60,64,1.4,1
1734,24,87,82,93,7.2,1
1735,18,68,62,83,4.6,1
1736,24,70,67,58,4.1,1
1737,16,66,73,78,1.9,1
1738,25,46,67,68,4.4,1
1739,25,59,67,66,3.4,1
1740,23,52,59,72,0.7,1
1741,18,89,81,88,4.3,1
1742,19,77,65,71,5.7,1
1743,24,68,79,85,4.8,1
1744,16,85,87,91,7.7,1
1745,24,54,59,56,0.9,1
1746,21,71,93,92,6.2,1
1747,20,32,77,56,0.1,1
1748,17,64,61,55,1.4,1
1749,23,49,71,60,0.8,1
1750,17,93,98,100,7.2,1
1751,22,66,47,67,1.4,1
1752,22,55,73,72,3.8,1
1753,24,74,74,69,5.7,1
1754,21,73,79,90,5.7,1
1755,23,82,61,56,1.5,1
1756,22,71,68,50,4.2,1
1757,19,82,45,59,2.4,1
1758,17,81,84,78,5.1,1
1759,17,78,68,52,1.3,1
1760,16,81,76,88,7.7,1
1761,18,28,68,83,3.8,1
1762,22,43,65,77,0.1,1
1763,16,71,62,77,5.7,1
1764,24,96,90,79,5.5,1
1765,18,87,69,76,5.4,1
1766,18,76,84,69,4.1,1
1767,22,71,60,56,1.4,1
1768,17,43,57,67,2.3,1
1769,16,70,77,69,5.9,1
1770,24,100,95,82,6.6,1
1771,25,83,84,72,6.8,1
1772,17,57,62,55,0.0,1
1773,21,48,60,39,0.1,0
1774,22,54,54,63,1.0,1
1775,20,54,69,59,1.8,1
1776,20,61,41,69,0.9,1
1777,18,59,60,74,1.1,1
1778,17,48,73,67,1.5,1
1779,21,88,91,66,7.2,1
1780,20,61,48,63,1.0,1
1781,18,67,44,45,2.6,1
1782,22,59,80,58,1.1,1
1783,18,39,61,64,1.2,1
1784,21,86,69,69,3.4,1
1785,23,43,67,66,2.3,1
1786,24,67,61,69,1.5,1
1787,20,87,100,88,8.0,1
1788,17,95,72,76,5.6,1
1789,25,78,81,68,5.0,1
1790,19,90,72,88,7.4,1
1791,17,71,93,72,6.9,1
1792,19,33,54,69,2.7,1
1793,16,63,75,61,2.4,1
1794,21,93,85,81,7.2,1
1795,21,35,68,70,1.7,1
1796,23,71,66,72,2.9,1
1797,16,77,73,64,5.5,1
1798,25,88,62,83,4.2,1
1799,19,78,78,64,4.7,1
1800,16,61,89,66,4.7,1
1801,19,55,64,77,1.5,1
1802,20,72,87,76,5.8,1
1803,18,62,71,60,0.4,1
1804,24,100,97,76,7.8,1
1805,17,95,90,92,7.3,1
1806,16,54,57,89,1.3,1
1807,20,37,50,55,0.4,0
1808,22,52,60,69,4.0,1
1809,17,60,51,65,1.3,1
1810,20,49,78,65,1.7,1
1811,25,92,66,61,5.6,1
1812,24,68,70,59,2.1,1
1813,20,74,77,73,4.4,1
1814,18,88,85,87,7.5,1
1815,16,75,97,74,5.1,1
1816,21,75,86,73,5.1,1
1817,24,80,82,58,2.1,1
1818,16,100,88,100,6.6,1
1819,18,80,66,81,2.0,1
1820,25,37,60,52,0.9,0
1821,20,72,74,83,7.0,1
1822,20,53,48,50,1.6,1
1823,22,62,79,48,1.2,1
1824,17,90,53,76,4.0,1
1825,18,41,64,63,1.5,1
1826,18,81,92,67,7.1,1
1827,19,65,63,84,0.6,1
1828,17,60,92,90,5.8,1
1829,16,72,77,82,4.8,1
1830,16,41,62,55,1.1,1
1831,25,84,51,73,0.1,1
1832,21,94,89,83,6.8,1
1833,25,87,76,73,7.1,1
1834,24,78,75,72,5.5,1
1835,16,54,72,65,0.8,1
1836,19,50,52,63,0.2,1
1837,20,70,56,79,1.8,1
1838,17,55,80,71,3.9,1
1839,20,62,64,88,2.9,1
1840,16,61,82,85,4.8,1
1841,25,38,73,59,1.5,1
1842,20,50,87,81,2.8,1
1843,21,92,70,83,7.5,1
1844,18,80,85,83,6.2,1
1845,23,81,67,89,5.8,1
1846,20,66,59,68,1.2,1
1847,22,52,68,81,2.8,1
1848,21,56,84,55,1.1,1
1849,22,53,70,51,3.3,1
1850,22,53,56,50,0.7,1
1851,19,77,80,78,5.6,1
1852,24,70,75,74,3.8,1
1853,21,78,53,75,2.9,1
1854,24,96,95,79,7.8,1
1855,19,76,80,58,0.4,1
1856,16,66,76,78,5.6,1
1857,17,96,87,77,5.3,1
1858,21,57,61,64,1.1,1
1859,22,67,78,63,1.2,1
1860,20,51,70,60,3.8,1
1861,16,78,85,83,2.3,1
1862,24,64,53,70,1.3,1
1863,23,85,52,57,4.4,1
1864,22,84,86,86,7.5,1
1865,22,92,93,78,7.8,1
1866,18,75,98,77,6.6,1
1867,17,70,84,67,6.5,1
1868,18,39,50,68,0.4,1
1869,20,73,67,64,0.9,1
1870,20,57,68,68,1.3,1
1871,16,73,94,76,6.1,1
1872,20,55,56,60,0.7,1
1873,23,45,82,70,0.4,1
1874,20,86,78,83,7.7,1
1875,22,96,77,85,5.8,1
1876,24,65,62,57,0.8,1
1877,25,56,85,84,6.4,1
1878,23,59,40,44,0.6,0
1879,19,89,70,81,7.1,1
1880,24,64,71,57,4.1,1
1881,21,76,78,53,3.6,1
1882,16,63,87,71,7.1,1
1883,19,63,71,54,8.0,1
1884,17,64,96,94,6.4,1
1885,24,90,62,69,6.9,1
1886,18,85,91,89,7.5,1
1887,21,83,75,40,2.8,1
1888,20,87,58,86,6.1,1
1889,17,74,88,81,7.8,1
1890,25,96,93,88,7.3,1
1891,25,72,99,74,7.6,1
1892,16,74,65,62,5.0,1
1893,19,70,77,84,5.6,1
1894,25,74,79,73,3.2,1
1895,23,68,88,58,5.4,1
1896,17,52,56,39,0.7,0
1897,22,82,90,64,6.1,1
1898,23,98,63,60,1.7,1
1899,23,63,68,55,0.3,1
1900,16,78,89,80,7.9,1
1901,21,88,81,79,6.3,1
1902,22,66,62,63,2.2,1
1903,17,85,76,56,2.2,1
1904,19,80,77,95,5.4,1
1905,17,55,98,79,7.2,1
1906,22,78,53,67,3.9,1
1907,22,62,57,85,2.8,1
1908,25,62,60,51,1.6,1
1909,18,93,65,67,2.6,1
1910,21,35,77,46,0.1,1
1911,23,100,100,70,6.9,1
1912,16,94,100,76,7.9,1
1913,23,72,75,75,5.1,1
1914,24,72,75,74,6.2,1
1915,19,100,84,100,7.6,1
1916,16,66,59,84,2.4,1
1917,17,69,69,68,5.6,1
1918,24,74,80,68,3.4,1
1919,18,59,81,76,3.7,1
1920,20,93,79,70,6.8,1
1921,20,100,70,80,5.6,1
1922,17,60,85,64,0.7,1
1923,17,71,47,80,4.0,1
1924,25,88,71,62,6.4,1
1925,19,50,67,69,1.8,1
1926,17,78,71,57,2.8,1
1927,22,49,62,55,0.1,1
1928,20,89,86,54,2.5,1
1929,19,57,55,77,0.0,1
1930,24,84,75,74,6.6,1
1931,25,88,100,88,7.9,1
1932,16,96,77,76,6.4,1
1933,22,98,100,72,7.8,1
1934,17,76,83,80,5.7,1
1935,25,89,69,78,6.3,1
1936,21,76,73,70,1.6,1
1937,25,48,52,76,1.2,1
1938,16,75,88,85,5.9,1
1939,21,56,56,71,1.5,1
1940,22,100,77,71,6.2,1
1941,18,64,65,83,5.0,1
1942,25,67,66,69,1.0,1
1943,18,46,60,67,0.7,1
1944,23,70,71,85,6.4,1
1945,17,39,74,57,1.7,1
1946,18,50,69,64,1.4,1
1947,25,78,72,69,5.0,1
1948,25,83,89,74,4.8,1
1949,20,85,89,94,7.4,1
1950,18,63,48,81,1.7,1
1951,16,69,84,75,2.6,1
1952,23,57,77,73,1.6,1
1953,20,74,60,92,3.7,1
1954,20,51,53,44,1.4,0
1955,20,100,99,77,7.7,1
1956,19,81,64,84,7.6,1
1957,22,72,85,82,4.8,1
1958,19,80,64,83,4.5,1
1959,17,92,53,70,3.6,1
1960,25,93,65,59,6.6,1
1961,21,84,83,63,3.2,1
1962,19,60,53,53,0.6,1
1963,21,58,62,57,1.0,1
1964,21,95,75,77,7.2,1
1965,25,64,77,60,1.7,1
1966,17,45,65,61,4.6,1
1967,22,61,73,71,2.5,1
1968,20,55,75,74,3.4,1
1969,21,74,78,91,4.7,1
1970,25,88,96,79,7.9,1
1971,22,41,55,59,0.3,1
1972,23,60,65,47,0.8,1
1973,20,62,70,69,2.5,1
1974,16,53,65,58,3.1,1
1975,17,86,81,83,6.7,1
1976,18,80,52,76,0.8,1
1977,22,78,73,72,1.8,1
1978,24,66,100,75,7.9,1
1979,20,87,86,78,7.1,1
1980,25,89,69,89,6.3,1
1981,18,81,82,82,4.7,1
1982,22,88,70,64,5.1,1
1983,19,56,49,66,4.6,1
1984,19,75,61,46,0.7,1
1985,21,85,63,72,4.5,1
1986,17,49,51,62,0.6,1
1987,19,59,80,61,3.7,1
1988,24,89,63,94,4.1,1
1989,23,79,73,90,5.2,1
1990,22,100,97,74,7.8,1
1991,22,59,69,57,1.5,1
1992,17,82,74,51,1.2,1
1993,19,46,59,48,0.1,1
1994,21,65,69,64,2.1,1
1995,22,51,70,59,1.7,1
1996,21,69,49,49,0.8,1
1997,22,64,69,62,1.6,1
1998,24,85,64,57,3.5,1
1999,17,65,65,65,1.8,1
2000,17,68,78,56,2.2,1
2001,22,83,80,75,3.1,1
2002,19,54,67,77,1.4,1
2003,25,71,66,78,2.3,1
2004,20,73,81,74,6.8,1
2005,17,53,72,78,1.3,1
2006,22,61,71,75,2.7,1
2007,17,60,61,57,1.4,1
2008,16,81,72,76,3.9,1
2009,16,95,73,67,4.5,1
2010,18,78,97,89,6.2,1
2011,21,65,38,70,3.6,1
2012,21,83,76,63,3.7,1
2013,21,87,63,92,7.1,1
2014,17,54,50,64,2.2,1
2015,18,97,75,90,7.8,1
2016,19,84,71,63,4.6,1
2017,19,89,100,61,6.0,1
2018,24,59,59,89,7.2,1
2019,24,69,57,57,1.4,1
2020,20,78,79,70,2.5,1
2021,21,97,97,63,6.7,1
2022,21,55,78,64,2.3,1
2023,18,88,95,60,3.7,1
2024,20,58,81,75,3.9,1
2025,23,52,72,68,0.3,1
2026,22,69,69,65,2.8,1
2027,18,61,89,59,2.8,1
2028,18,67,86,77,7.6,1
2029,19,77,66,93,3.5,1
2030,19,86,75,71,6.5,1
2031,17,97,78,86,7.1,1
2032,21,91,94,92,6.4,1
2033,20,49,58,74,1.1,1
2034,23,80,58,87,4.4,1
2035,22,39,57,47,0.8,0
2036,21,69,61,75,3.7,1
2037,22,72,70,71,3.7,1
2038,18,69,73,81,4.9,1
2039,24,48,52,71,3.0,1
2040,22,56,55,53,1.0,1
2041,24,73,73,78,3.7,1
2042,21,58,82,62,4.8,1
2043,21,94,94,64,6.9,1
2044,19,70,46,62,4.1,1
2045,18,51,44,62,1.8,1
2046,16,90,77,74,6.4,1
2047,17,50,53,65,0.0,1
2048,23,60,46,60,0.2,1
2049,17,56,67,69,2.4,1
2050,20,100,74,61,6.6,1
2051,25,60,62,73,1.0,1
2052,19,76,61,51,1.4,1
2053,23,68,77,63,3.8,1
2054,20,61,67,64,3.1,1
2055,22,86,90,86,6.5,1
2056,25,72,52,50,2.4,1
2057,25,78,65,84,3.6,1
2058,23,82,76,65,2.2,1
2059,24,73,56,58,1.7,1
2060,18,65,66,59,2.8,1
2061,18,64,56,49,2.2,1
2062,23,83,53,71,3.0,1
2063,25,60,79,76,5.7,1
2064,25,100,78,94,7.6,1
2065,22,76,62,63,0.5,1
2066,23,100,68,84,7.5,1
2067,19,72,48,42,0.8,1
2068,17,78,58,64,0.5,1
2069,17,57,82,76,3.5,1
2070,17,78,55,97,5.6,1
2071,25,77,87,70,4.5,1
2072,18,61,51,67,3.5,1
2073,17,61,63,79,4.7,1
2074,16,87,57,75,2.9,1
2075,17,53,42,66,2.7,1
2076,19,67,72,75,6.7,1
2077,21,85,55,72,2.9,1
2078,22,70,79,78,7.0,1
2079,24,71,71,59,2.4,1
2080,19,74,78,97,6.6,1
2081,22,99,88,80,5.6,1
2082,25,61,49,64,1.9,1
2083,20,85,75,78,3.2,1
2084,20,84,89,77,5.2,1
2085,19,66,61,52,2.7,1
2086,16,56,88,76,1.9,1
2087,25,77,76,100,5.6,1
2088,25,75,100,68,5.9,1
2089,23,84,90,94,7.6,1
2090,21,72,63,88,3.5,1
2091,19,75,64,65,0.2,1
2092,22,63,77,63,5.5,1
2093,16,62,73,65,3.1,1
2094,17,54,95,53,3.5,1
2095,21,51,88,68,2.8,1
2096,16,67,63,44,1.8,1
2097,24,75,74,70,4.5,1
2098,17,35,50,64,0.5,0
2099,21,61,61,64,2.8,1
2100,23,92,75,72,5.3,1
2101,24,55,44,80,1.6,1
2102,23,63,97,70,5.7,1
2103,20,83,100,75,7.0,1
2104,17,70,72,52,0.4,1
2105,25,93,84,78,3.9,1
2106,20,66,83,87,5.9,1
2107,18,57,69,63,0.3,1
2108,16,41,81,73,4.0,1
2109,22,68,65,73,2.4,1
2110,16,73,82,82,6.9,1
2111,19,59,57,67,3.0,1
2112,21,82,100,73,7.5,1
2113,21,100,75,68,7.4,1
2114,21,67,64,63,5.8,1
2115,16,53,74,87,6.5,1
2116,24,65,59,65,3.7,1
2117,24,76,62,73,2.1,1
2118,16,63,62,59,2.2,1
2119,19,75,95,86,6.2,1
2120,20,78,82,58,5.3,1
2121,25,49,72,70,0.1,1
2122,23,49,60,75,3.7,1
2123,21,74,65,93,3.8,1
2124,20,94,59,73,7.2,1
2125,23,61,53,67,1.4,1
2126,18,55,59,61,1.2,1
2127,17,81,89,67,5.2,1
2128,24,81,95,83,5.7,1
2129,20,100,90,90,7.8,1
2130,16,62,73,77,4.8,1
2131,23,65,64,45,0.9,1
2132,22,47,51,65,0.6,1
2133,16,67,57,55,2.6,1
2134,23,94,86,84,7.5,1
2135,21,80,48,74,0.4,1
2136,21,74,75,60,4.1,1
2137,25,88,75,64,5.7,1
2138,18,58,73,68,3.0,1
2139,17,100,87,97,7.7,1
2140,22,71,90,87,4.3,1
2141,16,66,65,72,4.9,1
2142,25,71,66,74,2.3,1
2143,21,49,91,61,1.8,1
2144,22,54,60,78,2.9,1
2145,21,65,70,64,5.2,1
2146,18,92,87,100,7.4,1
2147,25,59,66,73,5.3,1
2148,22,73,84,68,3.4,1
2149,19,85,84,87,7.2,1
2150,24,84,74,77,5.7,1
2151,16,88,84,90,6.7,1
2152,24,90,94,76,7.3,1
2153,22,77,88,67,5.6,1
2154,21,92,49,52,4.7,1
2155,16,83,46,73,0.6,1
2156,22,55,60,67,2.3,1
2157,18,59,69,71,5.8,1
2158,16,73,64,84,4.7,1
2159,22,73,83,64,2.6,1
2160,19,84,58,78,2.4,1
2161,24,80,65,69,4.6,1
2162,18,94,100,89,7.6,1
2163,19,64,92,66,3.4,1
2164,18,68,58,73,0.9,1
2165,18,95,49,67,2.3,1
2166,20,32,67,81,1.1,1
2167,18,80,41,43,0.2,1
2168,16,65,77,63,3.9,1
2169,20,67,79,63,7.5,1
2170,20,81,81,59,7.3,1
2171,17,60,74,91,3.6,1
2172,17,57,93,67,7.7,1
2173,19,71,91,75,5.8,1
2174,24,93,93,83,5.4,1
2175,16,88,62,62,3.5,1
2176,16,100,81,77,7.6,1
2177,25,83,63,68,3.0,1
2178,18,85,79,84,5.9,1
2179,17,97,73,86,7.6,1
2180,24,74,75,71,4.9,1
2181,20,68,70,67,4.9,1
2182,18,95,97,63,7.0,1
2183,23,59,61,63,3.9,1
2184,19,55,74,51,0.9,1
2185,20,60,73,64,3.4,1
2186,21,79,71,84,5.3,1
2187,18,58,83,68,6.2,1
2188,19,56,56,67,0.2,1
2189,22,58,50,57,0.5,1
2190,23,79,70,73,3.4,1
2191,23,66,97,73,5.8,1
2192,25,94,66,77,7.0,1
2193,17,77,80,81,7.6,1
2194,16,79,97,87,6.4,1
2195,21,62,76,68,6.1,1
2196,19,85,94,75,7.9,1
2197,19,70,75,56,2.3,1
2198,19,92,89,82,7.5,1
2199,24,47,67,67,0.8,1
2200,19,83,76,72,5.1,1
2201,17,72,90,88,6.5,1
2202,17,35,42,61,0.6,0
2203,22,55,44,64,0.2,1
2204,25,77,87,91,6.3,1
2205,20,62,90,75,6.3,1
2206,17,75,58,56,2.1,1
2207,20,70,81,68,3.4,1
2208,24,81,47,93,4.1,1
2209,22,86,70,70,7.6,1
2210,16,72,70,79,3.2,1
2211,25,56,66,59,0.9,1
2212,24,56,71,55,1.4,1
2213,19,39,71,43,0.7,1
2214,19,53,47,61,0.5,1
2215,21,99,87,63,6.7,1
2216,20,62,79,58,5.5,1
2217,24,79,70,60,4.0,1
2218,24,85,89,80,6.9,1
2219,17,74,73,82,3.4,1
2220,17,61,35,74,1.3,1
2221,16,66,85,75,7.1,1
2222,24,67,75,70,3.3,1
2223,20,85,74,68,5.8,1
2224,25,98,86,85,5.2,1
2225,19,91,79,70,6.4,1
2226,19,76,100,75,7.5,1
2227,18,57,50,61,1.3,1
2228,23,63,68,60,0.5,1
2229,19,72,70,76,1.6,1
2230,25,69,53,74,1.3,1
2231,19,74,68,63,2.8,1
2232,22,99,70,87,4.7,1
2233,22,69,81,86,7.5,1
2234,17,93,78,85,5.8,1
2235,17,41,58,53,1.0,1
2236,25,84,93,70,4.8,1
2237,25,69,79,82,5.3,1
2238,17,49,82,78,7.4,1
2239,23,71,100,92,7.0,1
2240,23,73,61,71,3.4,1
2241,17,46,76,63,1.9,1
2242,24,54,80,73,2.5,1
2243,19,100,80,78,7.6,1
2244,24,46,68,63,3.5,1
2245,17,62,79,82,4.5,1
2246,23,81,75,87,6.2,1
2247,25,100,74,68,4.5,1
2248,16,66,58,69,1.6,1
2249,25,74,72,66,2.5,1
2250,25,90,56,55,2.2,1
2251,22,53,50,42,0.4,0
2252,16,59,100,65,6.9,1
2253,23,46,76,71,3.9,1
2254,16,45,55,58,3.0,1
2255,18,91,93,82,7.0,1
2256,16,61,72,61,2.5,1
2257,19,74,67,65,5.2,1
2258,18,61,63,69,7.2,1
2259,24,49,47,58,0.1,1
2260,19,77,65,79,6.6,1
2261,17,76,66,60,1.4,1
2262,16,53,61,65,2.5,1
2263,23,67,61,68,4.5,1
2264,17,62,71,69,1.5,1
2265,16,81,73,75,6.1,1
2266,19,68,55,45,2.5,1
2267,19,78,71,72,6.0,1
2268,20,66,58,69,1.1,1
2269,19,74,94,65,2.2,1
2270,17,83,63,67,3.9,1
2271,24,53,56,89,3.6,1
2272,22,65,29,50,1.2,0
2273,22,74,49,72,2.8,1
2274,24,90,74,65,4.4,1
2275,24,79,94,83,6.2,1
2276,18,71,62,73,3.8,1
2277,25,64,67,64,3.0,1
2278,16,44,52,65,1.3,1
2279,17,56,68,48,1.5,1
2280,23,75,69,83,6.5,1
2281,22,69,81,75,5.8,1
2282,23,60,69,100,5.4,1
2283,19,90,73,63,6.1,1
2284,25,77,82,71,3.2,1
2285,20,100,79,89,7.1,1
2286,18,89,47,84,1.0,1
2287,17,67,47,61,2.5,1
2288,16,78,80,81,5.3,1
2289,20,58,66,68,0.6,1
2290,24,87,75,88,6.8,1
2291,21,46,56,65,0.8,1
2292,22,94,78,63,6.7,1
2293,17,55,92,62,3.1,1
2294,20,87,81,69,6.6,1
2295,22,61,87,75,4.3,1
2296,25,60,63,73,1.4,1
2297,24,66,71,92,6.6,1
2298,18,62,81,74,4.0,1
2299,17,58,58,65,2.7,1
2300,23,67,69,58,0.3,1
2301,18,62,69,72,3.2,1
2302,17,65,61,85,5.2,1
2303,18,54,62,56,2.6,1
2304,22,72,81,73,3.4,1
2305,17,78,64,66,4.8,1
2306,21,91,89,79,6.8,1
2307,18,74,86,80,7.8,1
2308,21,79,85,75,7.6,1
2309,24,79,71,87,6.5,1
2310,17,85,81,81,6.9,1
2311,25,76,88,71,5.5,1
2312,24,84,62,76,2.1,1
2313,23,54,56,66,2.6,1
2314,22,65,69,68,2.0,1
2315,18,66,81,90,5.1,1
2316,19,81,100,68,7.4,1
2317,24,83,77,87,4.6,1
2318,17,71,73,68,3.1,1
2319,20,97,74,69,3.4,1
2320,17,99,78,82,6.7,1
2321,19,89,74,56,4.6,1
2322,16,61,50,71,3.0,1
2323,22,60,59,63,2.2,1
2324,22,84,82,74,7.3,1
2325,22,65,48,63,1.7,1
2326,21,71,62,77,0.8,1
2327,19,52,75,67,0.5,1
2328,25,51,47,82,2.6,1
2329,16,56,86,79,2.7,1
2330,23,81,58,50,1.7,1
2331,20,59,57,79,3.2,1
2332,21,64,59,49,0.7,1
2333,20,57,81,80,2.3,1
2334,18,78,66,70,5.0,1
2335,16,74,98,87,6.0,1
2336,24,58,44,51,1.1,1
2337,17,69,74,64,3.2,1
2338,22,95,69,78,4.4,1
2339,25,65,50,58,2.2,1
2340,21,55,65,70,4.0,1
2341,22,49,77,50,4.0,1
2342,18,76,90,69,3.2,1
2343,23,73,73,66,5.2,1
2344,22,62,60,59,3.3,1
2345,18,69,76,65,4.9,1
2346,16,60,67,80,2.6,1
2347,23,79,78,62,5.5,1
2348,22,59,88,58,4.4,1
2349,18,68,63,55,3.7,1
2350,19,68,61,88,2.6,1
2351,19,55,79,66,4.6,1
2352,18,89,82,83,7.8,1
2353,25,100,66,80,6.7,1
2354,17,74,73,63,0.1,1
2355,24,89,85,77,8.0,1
2356,24,63,63,48,1.0,1
2357,24,56,87,94,5.7,1
2358,16,74,65,56,2.9,1
2359,23,73,74,68,3.4,1
2360,17,100,69,88,5.8,1
2361,18,86,78,93,7.3,1
2362,17,79,67,54,3.7,1
2363,20,61,58,60,2.7,1
2364,20,77,76,68,4.8,1
2365,20,67,48,58,0.2,1
2366,18,62,69,88,4.5,1
2367,20,61,56,48,1.2,1
2368,20,60,84,76,5.1,1
2369,20,71,62,43,1.2,1
2370,24,66,64,65,3.2,1
2371,21,63,71,65,5.2,1
2372,23,74,86,67,5.2,1
2373,23,100,88,76,7.2,1
2374,19,68,48,53,1.2,1
2375,17,67,87,94,5.2,1
2376,24,70,85,72,7.2,1
2377,16,76,75,81,3.2,1
2378,24,88,79,79,6.8,1
2379,16,60,70,72,3.6,1
2380,19,54,62,59,1.8,1
2381,25,60,83,63,2.1,1
2382,18,45,81,75,4.2,1
2383,25,73,82,80,6.1,1
2384,17,58,66,67,1.6,1
2385,19,44,52,61,0.8,1
2386,22,84,100,94,6.9,1
2387,19,60,61,81,4.7,1
2388,22,73,69,74,4.8,1
2389,24,66,88,70,3.9,1
2390,21,78,57,63,2.2,1
2391,23,58,53,83,0.9,1
2392,24,71,74,74,3.8,1
2393,22,96,90,67,5.4,1
2394,18,76,69,69,1.5,1
2395,20,64,85,78,4.0,1
2396,25,67,59,57,1.7,1
2397,19,84,60,73,6.1,1
2398,24,81,77,68,7.8,1
2399,20,59,89,70,1.8,1
2400,20,55,56,81,2.7,1
2401,23,46,59,91,2.5,1
2402,16,86,75,97,7.7,1
2403,23,97,83,82,6.1,1
2404,20,100,95,81,6.7,1
2405,22,57,64,70,2.6,1
2406,20,72,61,71,0.9,1
2407,23,60,72,98,7.5,1
2408,22,70,89,70,5.5,1
2409,20,83,86,92,7.9,1
2410,24,70,73,66,3.0,1
2411,18,100,98,78,7.0,1
2412,18,51,63,68,4.7,1
2413,23,44,56,65,2.0,1
2414,20,91,90,89,5.5,1
2415,21,72,100,82,7.7,1
2416,21,61,62,73,3.7,1
2417,20,62,62,73,2.0,1
2418,22,89,88,61,6.4,1
2419,16,82,86,79,7.3,1
2420,24,84,78,92,7.0,1
2421,20,60,62,48,4.6,1
2422,17,59,80,54,4.3,1
2423,17,56,78,75,4.6,1
2424,22,85,60,83,6.5,1
2425,18,91,84,69,5.2,1
2426,22,95,77,86,7.1,1
2427,25,89,84,72,6.6,1
2428,19,77,77,61,4.7,1
2429,19,69,77,93,6.2,1
2430,18,44,68,71,1.5,1
2431,17,37,45,62,0.2,0
2432,17,50,64,74,2.6,1
2433,19,80,92,67,1.6,1
2434,21,82,76,43,0.2,1
2435,17,72,92,79,6.7,1
2436,22,36,51,63,0.4,1
2437,22,96,96,60,4.7,1
2438,24,58,61,57,1.0,1
2439,23,53,100,71,5.9,1
2440,17,84,77,85,6.4,1
2441,17,97,88,60,7.6,1
2442,17,80,87,62,2.8,1
2443,22,80,80,78,7.6,1
2444,22,66,100,83,7.0,1
2445,21,60,52,73,0.4,1
2446,18,78,79,73,5.6,1
2447,19,76,75,75,6.9,1
2448,18,64,56,63,1.4,1
2449,18,85,59,75,2.9,1
2450,22,76,84,70,5.0,1
2451,21,58,58,44,0.2,1
2452,18,87,96,84,7.3,1
2453,25,80,84,73,5.8,1
2454,22,93,98,91,7.9,1
2455,22,75,82,69,6.8,1
2456,20,59,79,66,3.8,1
2457,21,65,89,73,5.3,1
2458,25,48,64,69,1.6,1
2459,18,66,66,48,1.8,1
2460,17,77,64,82,2.0,1
2461,20,82,64,54,2.6,1
2462,20,77,89,86,6.1,1
2463,18,76,74,81,4.6,1
2464,16,74,84,78,6.4,1
2465,16,82,94,91,6.7,1
2466,21,62,82,45,1.5,1
2467,22,73,86,65,3.6,1
2468,20,74,67,74,5.2,1
2469,18,67,53,51,2.0,1
2470,21,74,79,95,6.1,1
2471,22,81,76,76,5.1,1
2472,17,72,59,57,1.0,1
2473,21,33,79,84,2.5,1
2474,24,73,72,45,1.5,1
2475,24,65,56,80,1.6,1
2476,21,73,76,59,4.2,1
2477,24,75,63,75,4.2,1
2478,24,89,71,76,1.3,1
2479,25,79,56,41,1.8,1
2480,22,75,79,100,6.9,1
2481,22,90,49,76,2.4,1
2482,18,69,78,81,5.8,1
2483,24,81,95,72,5.3,1
2484,22,56,54,64,1.1,1
2485,19,74,79,62,3.1,1
2486,21,52,68,59,0.6,1
2487,22,57,34,69,1.0,1
2488,20,89,86,78,6.1,1
2489,20,73,59,73,4.2,1
2490,17,85,69,69,4.3,1
2491,21,86,84,85,7.0,1
2492,23,60,79,83,3.4,1
2493,23,80,86,91,6.1,1
2494,25,82,85,100,6.9,1
2495,23,94,81,67,6.7,1
2496,20,63,81,58,6.7,1
2497,24,60,60,66,2.6,1
2498,23,64,49,66,1.9,1
2499,20,61,43,44,0.8,0
2500,22,66,87,63,4.9,1
2501,16,56,65,86,4.8,1
2502,17,81,88,96,7.7,1
2503,25,53,81,60,3.4,1
2504,23,90,49,70,4.6,1
2505,22,91,80,100,5.4,1
2506,17,68,63,68,2.3,1
2507,23,81,100,65,6.8,1
2508,19,90,67,57,2.2,1
2509,20,87,93,87,6.1,1
2510,22,65,82,71,6.0,1
2511,23,74,97,79,6.9,1
2512,19,42,58,88,2.5,1
2513,17,69,89,79,5.1,1
2514,20,93,74,81,6.8,1
2515,23,84,57,79,7.2,1
2516,25,70,51,66,2.5,1
2517,20,67,78,76,6.1,1
2518,17,70,93,69,5.7,1
2519,20,53,70,70,1.2,1
2520,20,83,86,73,4.9,1
2521,19,83,74,66,3.5,1
2522,23,53,61,58,1.8,1
2523,19,71,65,63,3.5,1
2524,25,100,59,76,3.9,1
2525,25,66,75,53,1.5,1
2526,22,88,72,50,6.0,1
2527,20,50,89,71,3.5,1
2528,17,100,100,97,7.7,1
2529,19,75,80,100,6.4,1
2530,23,54,90,84,4.3,1
2531,19,74,64,50,5.8,1
2532,23,52,72,57,2.2,1
2533,23,43,83,78,4.0,1
2534,24,89,87,68,5.2,1
2535,18,38,80,60,0.5,1
2536,16,86,62,78,5.7,1
2537,18,89,100,69,7.9,1
2538,21,58,68,54,1.9,1
2539,22,42,57,63,1.2,1
2540,25,57,59,47,0.4,1
2541,17,55,73,73,4.9,1
2542,25,70,100,77,6.2,1
2543,16,69,77,96,5.2,1
2544,25,92,71,60,5.6,1
2545,22,84,87,84,5.6,1
2546,22,89,77,81,7.0,1
2547,22,51,76,74,1.6,1
2548,17,78,88,74,4.2,1
2549,24,51,63,73,0.5,1
2550,16,62,60,84,2.6,1
2551,25,92,53,78,4.5,1
2552,18,87,79,72,4.3,1
2553,18,51,65,68,4.8,1
2554,18,47,78,62,4.1,1
2555,25,26,51,77,0.3,1
2556,20,77,99,91,7.5,1
2557,25,82,65,44,4.1,1
2558,21,59,99,77,7.5,1
2559,22,96,76,85,6.3,1
2560,18,66,67,59,1.9,1
2561,22,88,69,41,0.3,1
2562,25,61,44,60,0.8,1
2563,21,66,79,65,7.3,1
2564,19,61,78,79,2.3,1
2565,20,73,92,84,7.6,1
2566,17,66,56,68,2.6,1
2567,23,89,69,79,7.9,1
2568,16,47,82,75,1.5,1
2569,25,59,60,69,4.3,1
2570,20,66,61,79,3.1,1
2571,22,71,79,67,5.9,1
2572,19,71,82,55,0.8,1
2573,21,59,66,60,0.6,1
2574,22,59,54,43,1.6,1
2575,16,69,65,78,7.2,1
2576,22,87,68,93,6.6,1
2577,16,46,52,62,1.2,1
2578,25,100,87,72,5.7,1
2579,20,90,71,56,3.3,1
2580,19,97,68,80,6.5,1
2581,22,56,52,59,0.3,1
2582,17,54,71,56,0.9,1
2583,18,81,89,88,4.3,1
2584,22,58,61,86,2.3,1
2585,20,74,74,80,0.9,1
2586,24,62,88,91,6.8,1
2587,16,76,77,74,3.8,1
2588,17,55,55,58,1.9,1
2589,18,71,54,43,3.5,1
2590,19,77,81,77,5.8,1
2591,18,91,60,64,2.7,1
2592,16,73,74,76,3.1,1
2593,17,54,57,64,1.8,1
2594,23,54,59,74,0.6,1
2595,24,50,59,66,1.3,1
2596,24,75,69,68,4.3,1
2597,21,70,73,70,3.0,1
2598,25,68,48,69,0.5,1
2599,19,94,84,96,6.1,1
2600,23,87,81,76,7.5,1
2601,25,74,65,61,3.1,1
2602,23,70,81,64,3.8,1
2603,21,57,81,75,1.8,1
2604,20,80,83,82,7.1,1
2605,20,41,66,56,1.2,1
2606,22,56,55,58,1.0,1
2607,22,51,79,60,3.4,1
2608,21,69,64,63,2.7,1
2609,24,63,70,71,1.6,1
2610,25,89,47,73,2.9,1
2611,22,62,79,56,3.0,1
2612,23,67,76,52,2.4,1
2613,25,71,79,81,3.3,1
2614,24,57,73,69,3.5,1
2615,19,62,61,68,3.1,1
2616,18,59,59,67,5.1,1
2617,18,44,74,85,3.3,1
2618,21,94,77,62,4.9,1
2619,16,77,74,96,5.4,1
2620,16,67,89,80,2.7,1
2621,21,66,69,69,1.6,1
2622,21,64,81,64,4.7,1
2623,18,76,74,71,2.3,1
2624,22,54,70,57,0.9,1
2625,24,38,80,65,4.4,1
2626,17,52,85,84,5.3,1
2627,16,50,68,64,1.1,1
2628,21,86,80,78,7.4,1
2629,16,100,83,100,7.8,1
2630,21,33,65,68,0.6,1
2631,22,100,100,88,7.3,1
2632,21,62,71,49,2.3,1
2633,21,74,74,82,4.8,1
2634,18,58,68,80,2.9,1
2635,24,94,87,88,7.2,1
2636,20,78,75,66,2.1,1
2637,20,79,68,89,6.0,1
2638,18,90,86,80,7.0,1
2639,25,36,74,58,0.2,1
2640,20,79,69,92,5.6,1
2641,22,52,92,67,3.3,1
2642,23,49,76,72,2.3,1
2643,17,100,71,80,6.4,1
2644,18,79,85,81,6.4,1
2645,21,49,55,64,0.5,1
2646,16,81,67,96,5.9,1
2647,17,42,45,43,1.2,0
2648,17,80,82,76,4.9,1
2649,17,59,58,50,1.5,1
2650,19,64,67,65,0.4,1
2651,24,68,47,48,1.5,1
2652,23,64,56,49,2.3,1
2653,16,64,70,78,3.5,1
2654,24,71,77,78,4.6,1
2655,17,72,47,65,1.5,1
2656,25,76,53,74,2.4,1
2657,19,77,54,55,3.4,1
2658,20,60,68,69,2.3,1
2659,23,64,52,70,2.8,1
2660,23,50,57,56,0.1,1
2661,25,95,73,58,6.2,1
2662,25,44,71,57,2.1,1
2663,23,62,81,53,3.0,1
2664,19,68,85,76,4.7,1
2665,23,73,100,90,7.0,1
2666,23,65,82,83,3.6,1
2667,22,100,73,67,7.6,1
2668,18,84,89,71,3.2,1
2669,18,67,59,74,1.2,1
2670,20,67,78,69,2.7,1
2671,20,87,76,84,6.6,1
2672,23,84,77,68,3.5,1
2673,16,89,85,64,2.8,1
2674,18,46,83,59,1.9,1
2675,22,86,68,67,3.9,1
2676,25,77,74,73,3.4,1
2677,20,52,79,77,2.7,1
2678,23,68,48,64,0.5,1
2679,19,75,65,94,7.6,1
2680,23,70,68,74,6.3,1
2681,21,100,62,79,5.6,1
2682,19,62,64,65,5.7,1
2683,19,68,73,67,3.9,1
2684,18,74,88,80,5.0,1
2685,25,100,80,90,7.2,1
2686,19,85,81,84,6.3,1
2687,16,70,73,62,3.8,1
2688,24,72,60,72,1.2,1
2689,21,52,71,59,4.8,1
2690,25,50,75,77,4.8,1
2691,19,62,73,61,4.2,1
2692,16,77,69,75,2.4,1
2693,16,76,73,54,5.2,1
2694,18,75,66,74,3.6,1
2695,23,86,86,75,6.1,1
2696,23,82,57,62,2.3,1
2697,16,69,50,57,1.0,1
2698,22,80,63,62,4.4,1
2699,22,45,50,58,1.4,1
2700,25,47,40,59,0.3,0
2701,18,76,70,76,4.0,1
2702,19,62,53,69,0.7,1
2703,17,68,57,58,3.3,1
2704,22,73,74,75,5.6,1
2705,19,89,87,70,3.6,1
2706,24,64,47,48,0.2,1
2707,23,57,66,72,0.3,1
2708,24,85,55,77,2.6,1
2709,22,57,45,53,0.2,1
2710,24,40,59,64,0.5,1
2711,19,92,76,65,4.7,1
2712,18,62,70,70,3.2,1
2713,25,50,61,70,2.3,1
2714,25,70,73,86,2.1,1
2715,22,58,63,51,1.0,1
2716,24,69,83,83,6.2,1
2717,22,79,60,83,6.4,1
2718,20,96,73,61,6.7,1
2719,20,82,73,49,2.9,1
2720,20,51,65,65,1.7,1
2721,18,90,100,73,6.9,1
2722,22,81,82,84,4.8,1
2723,24,79,60,78,4.8,1
2724,17,81,94,70,7.1,1
2725,16,94,83,73,7.6,1
2726,18,68,49,73,0.8,1
2727,22,71,86,72,5.9,1
2728,16,75,83,88,7.2,1
2729,19,39,40,68,1.0,0
2730,23,36,76,74,1.4,1
2731,23,69,78,79,7.0,1
2732,23,75,56,54,0.5,1
2733,22,90,81,81,5.4,1
2734,16,62,79,74,4.6,1
2735,20,76,72,75,5.7,1
2736,19,80,63,65,1.9,1
2737,16,89,74,92,7.0,1
2738,19,73,79,68,5.7,1
2739,17,61,79,81,4.8,1
2740,21,93,70,75,5.8,1
2741,21,58,65,86,3.3,1
2742,18,78,83,67,6.5,1
2743,24,73,69,69,3.3,1
2744,21,82,64,79,5.2,1
2745,18,68,100,86,7.1,1
2746,21,71,77,67,4.3,1
2747,25,62,54,61,1.1,1
2748,22,78,98,80,7.0,1
2749,24,86,60,59,0.8,1
2750,19,70,81,65,5.5,1
2751,21,82,67,66,5.9,1
2752,22,72,57,73,1.8,1
2753,17,57,59,59,1.8,1
2754,16,64,100,77,7.1,1
2755,23,86,73,64,1.2,1
2756,19,84,90,83,4.3,1
2757,16,53,64,67,0.1,1
2758,17,46,75,62,2.0,1
2759,21,92,79,70,5.3,1
2760,20,78,59,64,3.4,1
2761,25,59,48,64,4.7,1
2762,20,77,86,69,5.6,1
2763,24,65,88,96,6.2,1
2764,23,67,68,100,8.0,1
2765,17,65,70,68,3.8,1
2766,17,50,71,63,3.6,1
2767,23,48,75,65,0.3,1
2768,22,51,54,50,0.8,1
2769,16,71,91,67,7.5,1
2770,22,84,65,75,6.4,1
2771,20,69,63,80,4.7,1
2772,18,50,48,54,0.3,1
2773,18,97,93,83,7.7,1
2774,18,91,88,80,6.2,1
2775,21,70,78,76,6.9,1
2776,17,36,71,75,0.8,1
2777,25,62,78,72,4.5,1
2778,24,81,76,90,7.2,1
2779,22,67,86,68,3.8,1
2780,20,85,78,71,7.0,1
2781,24,100,74,86,7.4,1
2782,25,65,68,78,1.5,1
2783,24,66,73,70,3.0,1
2784,22,51,67,64,0.9,1
2785,20,58,59,79,1.1,1
2786,17,79,72,84,4.2,1
2787,20,100,100,92,7.0,1
2788,19,59,70,76,5.3,1
2789,18,57,59,71,3.1,1
2790,18,76,95,94,6.9,1
2791,23,86,72,72,4.1,1
2792,21,100,92,73,7.5,1
2793,22,51,68,66,0.3,1
2794,21,85,52,56,3.1,1
2795,18,83,68,54,3.8,1
2796,18,76,51,64,1.9,1
2797,17,73,71,88,3.5,1
2798,18,92,90,80,6.2,1
2799,20,79,48,67,3.7,1
2800,21,98,94,73,7.4,1
2801,23,80,57,61,3.1,1
2802,25,48,77,69,4.8,1
2803,21,46,60,48,0.7,1
2804,20,73,97,66,5.0,1
2805,25,61,95,83,4.1,1
2806,21,77,91,91,7.8,1
2807,22,49,56,71,2.2,1
2808,18,95,79,73,6.4,1
2809,21,70,77,65,5.7,1
2810,17,81,91,67,5.8,1
2811,19,66,68,88,4.8,1
2812,21,48,56,66,2.0,1
2813,25,64,78,75,3.7,1
2814,22,83,83,79,6.5,1
2815,19,80,95,91,6.5,1
2816,20,65,65,76,4.1,1
2817,22,69,77,66,5.0,1
2818,18,64,49,77,1.4,1
2819,16,61,60,55,0.3,1
2820,17,83,83,75,7.4,1
2821,25,82,78,59,0.5,1
2822,19,52,53,56,1.8,1
2823,20,79,93,95,7.4,1
2824,19,62,73,62,1.4,1
2825,24,79,75,73,4.9,1
2826,20,47,88,84,6.5,1
2827,22,55,65,68,1.8,1
2828,17,62,51,50,0.0,1
2829,25,73,86,86,6.8,1
2830,23,58,70,60,3.5,1
2831,25,99,83,82,6.0,1
2832,22,97,72,77,6.3,1
2833,23,61,81,73,4.1,1
2834,17,80,72,65,4.8,1
2835,22,56,74,65,1.7,1
2836,19,76,89,51,3.0,1
2837,25,58,53,69,2.0,1
2838,21,55,80,70,2.9,1
2839,23,91,90,83,7.3,1
2840,20,81,82,88,3.8,1
2841,24,82,56,83,4.8,1
2842,19,56,63,59,0.7,1
2843,24,81,70,53,0.4,1
2844,22,66,72,62,2.2,1
2845,20,82,71,54,1.3,1
2846,18,53,54,68,2.3,1
2847,18,65,57,64,1.9,1
2848,17,59,68,54,2.2,1
2849,23,67,79,66,4.4,1
2850,16,63,71,74,2.6,1
2851,16,80,66,77,4.0,1
2852,18,74,56,59,1.9,1
2853,20,51,76,69,3.7,1
2854,25,72,90,81,6.0,1
2855,16,50,63,67,2.3,1
2856,22,68,69,84,7.1,1
2857,24,51,57,68,2.8,1
2858,24,64,97,99,7.5,1
2859,18,84,96,73,6.4,1
2860,25,91,78,87,7.2,1
2861,16,65,68,54,2.5,1
2862,18,76,55,61,3.6,1
2863,18,72,85,82,5.2,1
2864,23,63,50,75,2.0,1
2865,21,71,88,100,7.1,1
2866,17,73,78,70,2.4,1
2867,22,86,82,76,7.1,1
2868,24,91,92,63,3.8,1
2869,23,51,67,60,0.5,1
2870,17,59,59,55,1.2,1
2871,16,63,65,63,4.1,1
2872,25,73,65,65,3.7,1
2873,16,59,70,79,6.4,1
2874,24,43,61,45,0.3,0
2875,25,77,72,76,4.0,1
2876,23,69,76,73,5.9,1
2877,19,48,67,70,0.7,1
2878,18,64,53,60,1.6,1
2879,18,35,56,77,3.4,1
2880,18,100,83,92,6.9,1
2881,17,68,60,63,1.8,1
2882,23,75,73,92,6.5,1
2883,21,91,81,60,6.8,1
2884,21,66,74,80,5.1,1
2885,25,68,88,78,4.2,1
2886,16,63,67,93,3.5,1
2887,20,69,61,80,4.0,1
2888,20,55,65,68,0.9,1
2889,19,83,100,94,7.0,1
2890,24,58,68,58,2.9,1
2891,21,65,81,81,2.4,1
2892,21,78,97,85,7.4,1
2893,22,56,62,68,1.2,1
2894,19,68,97,71,3.9,1
2895,22,54,87,70,4.7,1
2896,18,81,55,60,2.7,1
2897,17,75,69,68,0.8,1
2898,17,95,91,67,7.5,1
2899,18,94,88,100,7.9,1
2900,21,100,93,68,5.4,1
2901,25,63,67,89,0.7,1
2902,17,100,73,71,7.9,1
2903,19,98,69,71,6.3,1
2904,20,75,56,71,4.9,1
2905,20,36,66,72,1.1,1
2906,24,75,47,52,0.8,1
2907,16,63,74,58,3.1,1
2908,24,67,55,52,2.5,1
2909,22,84,100,76,6.5,1
2910,19,79,70,68,3.7,1
2911,16,78,79,68,4.7,1
2912,17,66,61,74,2.3,1
2913,19,72,82,62,5.7,1
2914,24,55,74,92,5.8,1
2915,23,67,86,73,5.2,1
2916,20,70,74,58,3.1,1
2917,22,88,73,85,6.3,1
2918,22,58,95,71,5.3,1
2919,18,61,30,50,0.1,0
2920,21,66,67,58,1.2,1
2921,25,69,80,73,4.0,1
2922,16,78,72,57,5.1,1
2923,21,82,79,74,2.7,1
2924,18,64,58,54,2.7,1
2925,24,52,74,47,2.2,1
2926,19,54,89,64,3.5,1
2927,23,77,82,94,7.7,1
2928,20,65,54,75,2.7,1
2929,17,90,54,83,3.8,1
2930,19,76,90,76,7.4,1
2931,20,62,64,69,2.4,1
2932,20,93,77,69,3.2,1
2933,19,73,90,59,7.6,1
2934,20,85,95,58,4.3,1
2935,16,91,67,66,4.0,1
2936,25,68,63,76,5.3,1
2937,24,74,83,78,5.3,1
2938,24,100,87,90,5.8,1
2939,16,92,86,78,5.5,1
2940,18,83,85,76,7.4,1
2941,20,54,90,77,5.4,1
2942,17,86,72,100,6.1,1
2943,24,81,80,92,5.1,1
2944,19,76,61,44,0.5,1
2945,20,95,95,95,7.7,1
2946,24,83,83,81,3.7,1
2947,20,76,85,86,6.3,1
2948,24,100,83,61,7.6,1
2949,25,81,78,84,6.4,1
2950,18,74,71,66,4.2,1
2951,21,68,42,44,0.2,1
2952,22,70,69,78,1.7,1
2953,25,100,95,80,6.0,1
2954,23,90,65,75,4.5,1
2955,21,74,66,74,1.6,1
2956,21,76,59,85,5.2,1
2957,21,100,95,70,6.9,1
2958,17,65,62,76,4.7,1
2959,24,69,93,95,5.8,1
2960,21,67,53,63,2.0,1
2961,16,92,87,85,6.9,1
2962,20,79,91,79,6.5,1
2963,22,97,86,67,7.9,1
2964,22,56,67,59,0.2,1
2965,17,97,78,86,7.0,1
2966,17,77,89,74,7.8,1
2967,17,66,82,65,1.5,1
2968,24,88,84,75,6.0,1
2969,24,95,76,94,7.5,1
2970,17,74,85,78,7.2,1
2971,22,47,75,65,0.7,1
2972,25,59,59,58,0.0,1
2973,21,73,73,89,3.2,1
2974,19,48,67,74,0.7,1
2975,25,94,91,60,5.6,1
2976,18,64,83,58,1.4,1
2977,24,47,73,74,1.9,1
2978,19,59,73,82,3.9,1
2979,25,81,90,70,5.3,1
2980,25,78,62,66,3.3,1
2981,25,91,92,73,6.8,1
2982,17,56,72,76,3.2,1
2983,18,79,62,81,4.6,1
2984,16,60,64,68,1.8,1
2985,17,82,84,89,5.5,1
2986,19,73,80,75,5.7,1
2987,17,59,69,65,2.7,1
2988,21,60,53,75,2.6,1
2989,20,74,85,73,3.5,1
2990,19,81,83,68,3.9,1
2991,20,50,57,62,0.0,1
2992,23,69,75,77,4.2,1
2993,20,57,72,80,1.1,1
2994,24,58,50,63,0.5,1
2995,19,65,63,60,3.6,1
2996,18,71,66,73,3.8,1
2997,19,49,99,62,5.2,1
2998,18,53,58,50,0.9,1
2999,17,52,49,66,2.2,1
3000,25,83,100,96,7.7,1
3001,20,81,66,66,6.5,1
3002,24,78,65,62,7.4,1
3003,16,80,64,64,1.2,1
3004,21,42,58,64,0.0,1
3005,20,61,87,76,5.8,1
3006,22,84,92,73,5.4,1
3007,21,50,61,62,0.8,1
3008,21,70,69,56,2.9,1
3009,23,64,63,76,1.8,1
3010,18,69,69,60,1.9,1
3011,22,71,69,85,4.3,1
3012,18,61,66,74,1.8,1
3013,16,74,59,80,2.1,1
3014,23,82,100,93,7.1,1
3015,25,66,42,49,1.0,1
3016,19,52,53,49,0.4,1
3017,16,47,88,88,7.4,1
3018,17,33,38,50,0.7,0
3019,20,45,32,60,0.0,0
3020,18,40,70,68,0.2,1
3021,16,84,97,76,5.3,1
3022,18,65,64,69,1.6,1
3023,23,41,63,77,0.5,1
3024,19,70,69,51,2.9,1
3025,22,83,70,62,1.2,1
3026,21,56,67,78,0.3,1
3027,22,59,53,65,0.9,1
3028,19,82,88,90,5.6,1
3029,24,58,80,59,7.1,1
3030,25,69,93,79,7.9,1
3031,25,45,63,60,4.3,1
3032,23,71,65,73,2.2,1
3033,16,55,81,60,1.6,1
3034,25,59,52,42,0.9,1
3035,19,55,76,68,5.9,1
3036,25,73,81,74,5.7,1
3037,18,72,79,82,4.3,1
3038,25,64,86,78,4.3,1
3039,17,56,65,65,2.7,1
3040,18,62,37,62,0.4,1
3041,18,83,97,65,6.4,1
3042,17,66,67,67,3.4,1
3043,21,54,40,69,3.7,1
3044,16,82,84,63,6.2,1
3045,16,67,75,59,0.7,1
3046,19,66,76,61,3.8,1
3047,24,91,83,77,5.2,1
3048,18,86,82,97,7.9,1
3049,24,75,69,91,5.2,1
3050,25,87,69,73,5.3,1
3051,24,90,89,82,7.3,1
3052,16,50,54,69,2.5,1
3053,23,55,57,60,0.2,1
3054,21,84,92,83,5.1,1
3055,20,59,81,73,4.2,1
3056,20,78,83,71,4.1,1
3057,16,75,51,66,2.9,1
3058,16,77,84,77,5.0,1
3059,22,64,68,51,4.8,1
3060,25,100,100,72,6.2,1
3061,24,69,66,69,1.5,1
3062,22,64,42,62,2.0,1
3063,24,77,98,91,5.9,1
3064,24,81,61,83,7.6,1
3065,24,59,56,58,1.6,1
3066,19,50,77,69,1.2,1
3067,25,74,65,67,5.4,1
3068,20,54,74,76,3.3,1
3069,22,92,94,84,6.1,1
3070,17,54,67,63,2.5,1
3071,16,72,100,72,6.6,1
3072,21,86,83,76,6.1,1
3073,22,78,71,72,6.3,1
3074,19,83,89,81,7.7,1
3075,17,62,90,79,3.8,1
3076,24,60,89,63,4.0,1
3077,17,53,64,81,2.9,1
3078,21,100,90,87,5.8,1
3079,16,71,86,55,5.4,1
3080,20,33,71,62,1.9,1
3081,21,45,61,68,1.6,1
3082,19,76,84,75,6.5,1
3083,25,45,76,73,3.6,1
3084,19,65,78,73,1.9,1
3085,23,53,69,68,1.7,1
3086,16,100,100,71,5.8,1
3087,25,48,81,82,6.1,1
3088,24,82,87,65,6.9,1
3089,24,91,85,95,7.1,1
3090,16,36,70,83,4.7,1
3091,24,36,46,63,1.0,0
3092,23,87,59,75,5.1,1
3093,25,57,49,76,1.0,1
3094,19,67,61,63,3.1,1
3095,16,40,47,71,0.6,1
3096,25,51,58,65,2.3,1
3097,22,70,75,94,4.2,1
3098,19,91,58,40,1.4,1
3099,25,79,82,72,4.8,1
3100,17,68,75,55,0.7,1
3101,20,31,55,72,1.0,1
3102,16,82,75,88,6.2,1
3103,22,87,66,65,3.4,1
3104,18,67,85,50,3.4,1
3105,19,100,92,74,7.0,1
3106,25,67,61,60,0.7,1
3107,18,100,90,82,5.5,1
3108,19,91,63,68,2.0,1
3109,22,77,86,52,4.1,1
3110,22,81,77,73,6.1,1
3111,19,91,80,88,7.9,1
3112,20,82,99,81,7.2,1
3113,23,74,88,92,6.2,1
3114,24,39,69,65,1.1,1
3115,21,78,80,64,4.9,1
3116,16,87,86,77,4.8,1
3117,25,82,79,52,4.6,1
3118,23,74,82,80,7.9,1
3119,25,65,68,78,5.6,1
3120,22,67,73,65,7.0,1
3121,25,78,64,79,6.1,1
3122,17,59,81,93,7.1,1
3123,21,63,64,81,4.6,1
3124,20,68,48,60,0.2,1
3125,25,98,60,82,6.3,1
3126,19,60,84,87,2.4,1
3127,22,76,74,71,4.5,1
3128,24,68,67,74,3.8,1
3129,22,98,90,83,7.8,1
3130,19,61,76,87,4.2,1
3131,25,69,67,67,7.3,1
3132,24,77,97,54,6.1,1
3133,16,100,80,85,7.2,1
3134,25,79,69,85,4.9,1
3135,18,69,56,78,3.2,1
3136,17,94,74,85,6.3,1
3137,22,82,73,58,5.0,1
3138,17,68,76,71,5.4,1
3139,19,76,92,83,6.5,1
3140,19,77,76,81,6.2,1
3141,25,75,94,77,6.4,1
3142,16,79,93,94,6.7,1
3143,16,63,47,44,0.1,1
3144,17,100,100,100,8.0,1
3145,22,86,80,75,4.0,1
3146,16,46,70,66,0.4,1
3147,25,90,85,90,5.2,1
3148,16,78,74,51,3.6,1
3149,24,50,57,60,1.6,1
3150,21,65,63,67,1.8,1
3151,23,59,64,92,3.5,1
3152,18,88,81,67,5.8,1
3153,18,65,87,91,4.8,1
3154,23,97,100,69,7.4,1
3155,25,60,68,75,5.6,1
3156,24,88,76,100,5.4,1
3157,19,64,89,73,1.6,1
3158,18,58,73,59,1.6,1
3159,23,74,75,85,4.4,1
3160,18,55,84,79,5.4,1
3161,22,58,52,47,0.9,1
3162,18,68,42,63,3.7,1
3163,22,59,65,58,1.0,1
3164,20,65,74,68,4.7,1
3165,25,73,75,40,2.6,1
3166,17,66,69,73,3.4,1
3167,23,61,68,60,1.6,1
3168,18,84,85,69,7.2,1
3169,24,61,64,66,1.4,1
3170,23,88,68,71,7.2,1
3171,17,73,100,63,5.0,1
3172,21,86,62,78,5.9,1
3173,25,70,48,72,3.5,1
3174,19,100,88,75,7.0,1
3175,21,59,82,54,3.3,1
3176,23,86,67,70,6.3,1
3177,22,73,67,66,3.2,1
3178,23,63,48,75,1.9,1
3179,18,100,86,76,6.9,1
3180,18,65,55,57,1.4,1
3181,18,38,73,50,0.7,1
3182,24,100,100,77,7.9,1
3183,22,71,62,74,4.6,1
3184,25,52,35,52,1.1,0
3185,25,71,82,79,7.6,1
3186,25,66,73,86,4.9,1
3187,16,100,100,93,7.6,1
3188,25,59,81,95,5.5,1
3189,22,71,78,75,7.8,1
3190,18,64,49,55,2.4,1
3191,25,59,61,70,4.1,1
3192,24,84,91,68,4.1,1
3193,16,66,83,85,5.6,1
3194,22,92,57,72,3.6,1
3195,18,48,51,65,0.2,1
3196,17,47,73,67,5.8,1
3197,25,67,78,57,4.3,1
3198,24,52,84,56,4.0,1
3199,18,52,61,67,2.6,1
3200,24,43,56,65,2.5,1
3201,18,80,68,69,5.5,1
3202,21,55,67,88,6.0,1
3203,21,74,77,82,5.5,1
3204,24,67,62,44,1.4,1
3205,20,73,60,60,2.0,1
3206,21,77,78,75,6.6,1
3207,19,85,87,68,5.1,1
3208,22,77,87,100,6.6,1
3209,24,100,75,79,7.7,1
3210,17,83,85,73,5.5,1
3211,21,85,77,86,5.8,1
3212,25,56,69,61,1.4,1
3213,19,51,57,83,2.7,1
3214,24,72,57,53,0.8,1
3215,16,76,87,68,7.6,1
3216,21,70,51,70,0.1,1
3217,20,82,90,76,6.6,1
3218,24,77,100,88,6.6,1
3219,23,78,82,78,4.8,1
3220,19,54,86,71,2.2,1
3221,19,76,74,84,3.2,1
3222,19,72,59,53,0.9,1
3223,19,58,86,72,6.5,1
3224,22,68,70,72,3.6,1
3225,25,73,51,63,2.1,1
3226,17,51,50,69,0.3,1
3227,25,90,73,59,4.2,1
3228,25,76,89,86,5.9,1
3229,20,67,81,52,2.9,1
3230,22,52,68,70,1.3,1
3231,22,91,64,60,3.3,1
3232,23,65,70,92,4.3,1
3233,18,64,81,70,3.9,1
3234,24,57,76,64,5.1,1
3235,21,72,98,74,6.4,1
3236,18,59,62,63,2.4,1
3237,17,71,87,92,6.5,1
3238,16,73,61,51,0.3,1
3239,19,77,72,75,4.7,1
3240,17,97,85,76,6.4,1
3241,16,50,69,60,2.6,1
3242,18,67,77,84,5.5,1
3243,24,59,83,84,4.2,1
3244,23,85,78,61,7.7,1
3245,22,60,62,84,3.6,1
3246,18,73,95,92,6.0,1
3247,18,77,100,88,7.4,1
3248,18,81,81,72,5.7,1
3249,18,68,65,76,1.5,1
3250,16,93,74,72,5.0,1
3251,16,71,84,74,7.1,1
3252,24,70,78,72,3.7,1
3253,23,62,54,72,3.2,1
3254,21,76,64,86,3.8,1
3255,21,72,80,80,4.5,1
3256,16,78,57,59,2.6,1
3257,23,62,62,71,3.1,1
3258,18,80,95,73,5.7,1
3259,18,53,52,65,0.5,1
3260,25,56,100,70,5.2,1
3261,16,72,80,55,2.6,1
3262,22,76,100,76,7.1,1
3263,21,61,70,76,5.3,1
3264,19,98,81,90,7.2,1
3265,19,89,71,68,6.3,1
3266,20,93,54,70,3.3,1
3267,23,65,55,77,1.8,1
3268,20,77,60,69,6.9,1
3269,23,73,69,57,4.9,1
3270,25,76,73,76,3.5,1
3271,17,51,76,49,1.3,1
3272,23,66,84,92,5.8,1
3273,21,87,53,58,1.1,1
3274,16,80,83,74,6.5,1
3275,21,73,48,63,3.2,1
3276,16,61,51,61,2.1,1
3277,23,55,72,68,4.1,1
3278,21,82,73,81,5.3,1
3279,24,89,77,69,3.2,1
3280,16,20,61,73,1.6,1
3281,22,85,57,71,5.2,1
3282,17,63,87,50,2.8,1
3283,25,85,84,89,7.2,1
3284,25,91,78,74,6.0,1
3285,19,59,57,76,3.8,1
3286,19,99,55,67,7.3,1
3287,17,57,61,70,1.7,1
3288,16,74,76,70,5.1,1
3289,18,51,44,51,0.9,0
3290,18,59,44,50,0.4,1
3291,17,54,64,65,0.9,1
3292,25,76,63,82,5.8,1
3293,24,86,78,66,6.1,1
3294,16,50,70,76,2.3,1
3295,19,65,63,85,4.3,1
3296,24,42,61,54,0.8,1
3297,17,72,61,52,0.7,1
3298,21,91,75,76,6.9,1
3299,18,58,67,70,1.2,1
3300,21,73,82,91,8.0,1
3301,17,80,82,93,6.5,1
3302,25,66,87,85,4.8,1
3303,23,82,75,74,6.6,1
3304,19,70,64,77,3.4,1
3305,21,67,63,73,3.1,1
3306,17,75,85,79,7.1,1
3307,23,74,91,86,7.4,1
3308,23,71,73,78,2.2,1
3309,23,90,77,78,5.8,1
3310,19,57,69,53,1.0,1
3311,17,64,89,75,2.7,1
3312,16,46,61,57,1.8,1
3313,19,68,60,82,0.5,1
3314,25,67,79,74,7.3,1
3315,20,63,87,76,5.0,1
3316,20,57,74,76,3.4,1
3317,23,96,98,79,6.7,1
3318,16,72,76,55,4.4,1
3319,24,64,80,62,1.0,1
3320,19,45,45,72,0.8,1
3321,17,67,74,76,3.9,1
3322,21,69,73,72,3.6,1
3323,17,82,76,84,7.8,1
3324,23,61,76,67,0.8,1
3325,21,80,65,53,0.6,1
3326,20,81,76,81,3.9,1
3327,17,92,81,81,5.6,1
3328,24,90,62,81,5.4,1
3329,25,68,66,72,2.0,1
3330,19,74,87,89,4.9,1
3331,23,97,66,76,7.4,1
3332,21,76,55,71,4.7,1
3333,23,64,60,56,0.2,1
3334,21,77,81,75,5.0,1
3335,17,41,49,66,0.4,1
3336,16,85,80,85,6.0,1
3337,24,52,40,70,0.5,1
3338,20,60,68,87,4.6,1
3339,17,69,74,65,2.5,1
3340,25,62,76,50,2.4,1
3341,22,66,79,79,6.3,1
3342,23,78,67,57,4.7,1
3343,22,74,71,95,4.8,1
3344,18,45,63,68,1.7,1
3345,23,73,96,74,4.6,1
3346,19,65,96,74,5.9,1
3347,25,58,63,52,2.3,1
3348,17,63,85,73,5.7,1
3349,22,88,82,81,6.8,1
3350,23,85,76,78,6.6,1
3351,17,77,56,62,3.3,1
3352,20,43,83,52,0.8,1
3353,17,54,47,53,1.9,1
3354,25,62,74,74,3.6,1
3355,23,84,74,64,7.7,1
3356,24,33,59,57,0.2,0
3357,24,92,80,93,7.4,1
3358,23,100,97,74,7.6,1
3359,19,60,80,72,4.6,1
3360,18,57,72,63,0.5,1
3361,22,64,73,81,3.8,1
3362,22,53,71,83,4.5,1
3363,17,70,86,85,7.5,1
3364,18,65,55,84,4.8,1
3365,18,70,57,94,3.7,1
3366,23,76,81,76,5.3,1
3367,21,81,80,76,1.8,1
3368,17,74,90,74,2.8,1
3369,19,55,85,59,1.4,1
3370,21,63,68,91,5.8,1
3371,23,84,62,69,4.6,1
3372,16,77,100,74,7.1,1
3373,20,71,93,75,6.7,1
3374,22,28,48,63,0.2,0
3375,17,75,79,66,3.6,1
3376,21,78,76,87,4.6,1
3377,20,82,83,57,4.3,1
3378,19,53,51,75,2.1,1
3379,19,79,72,74,4.9,1
3380,24,83,61,65,3.6,1
3381,25,85,86,84,6.7,1
3382,19,66,69,55,2.9,1
3383,18,100,76,89,8.0,1
3384,22,89,68,100,7.2,1
3385,16,77,98,67,7.3,1
3386,16,96,68,100,7.3,1
3387,20,69,88,58,4.0,1
3388,19,84,76,94,5.6,1
3389,22,86,76,47,3.2,1
3390,17,82,87,84,6.2,1
3391,24,70,74,52,4.6,1
3392,16,75,71,83,6.9,1
3393,17,52,69,69,2.2,1
3394,19,77,66,64,6.7,1
3395,22,69,83,65,7.6,1
3396,19,72,64,69,5.6,1
3397,24,79,66,62,3.5,1
3398,17,88,41,53,2.6,1
3399,16,44,49,61,0.9,1
3400,23,83,89,100,8.0,1
3401,16,70,70,66,2.8,1
3402,25,68,76,54,4.3,1
3403,19,68,100,67,3.4,1
3404,25,58,62,68,2.1,1
3405,23,72,59,44,0.1,1
3406,20,62,67,69,4.2,1
3407,20,100,86,78,7.4,1
3408,24,100,66,78,4.9,1
3409,21,80,84,81,6.3,1
3410,22,72,72,81,6.9,1
3411,24,64,77,78,7.1,1
3412,19,70,47,63,1.5,1
3413,22,66,52,69,1.0,1
3414,18,58,88,89,6.8,1
3415,20,47,64,55,0.4,1
3416,16,49,67,55,0.1,1
3417,18,62,66,63,0.9,1
3418,23,64,68,78,5.6,1
3419,21,70,79,81,4.9,1
3420,17,74,78,51,0.7,1
3421,20,60,73,88,4.3,1
3422,24,62,44,62,0.1,1
3423,22,54,72,72,3.8,1
3424,25,78,87,70,4.8,1
3425,16,83,92,78,7.4,1
3426,18,54,71,77,5.1,1
3427,17,98,91,84,7.4,1
3428,23,85,52,74,2.7,1
3429,22,69,82,69,6.9,1
3430,18,84,67,80,2.9,1
3431,20,50,46,63,1.0,1
3432,20,77,69,44,2.9,1
3433,16,64,55,56,0.3,1
3434,23,57,72,73,2.7,1
3435,17,65,58,60,0.9,1
3436,24,61,74,47,4.9,1
3437,25,91,79,85,5.9,1
3438,19,55,60,79,1.9,1
3439,18,94,76,62,3.9,1
3440,18,77,91,74,6.6,1
3441,16,97,85,67,5.2,1
3442,19,74,82,95,6.6,1
3443,19,39,45,62,0.3,0
3444,24,100,80,100,6.6,1
3445,21,83,83,92,6.8,1
3446,17,52,70,62,4.1,1
3447,23,66,72,45,4.0,1
3448,20,79,88,53,2.0,1
3449,20,77,69,74,2.1,1
3450,17,47,63,63,3.8,1
3451,24,47,48,76,0.9,1
3452,21,52,59,62,1.9,1
3453,23,76,87,73,7.7,1
3454,25,70,61,79,4.5,1
3455,24,95,69,71,6.2,1
3456,21,64,66,53,3.8,1
3457,17,57,67,64,2.2,1
3458,17,84,98,79,6.9,1
3459,22,80,85,80,5.7,1
3460,19,88,80,80,4.7,1
3461,25,83,86,71,6.3,1
3462,16,55,80,47,3.1,1
3463,25,73,83,79,1.7,1
3464,24,75,89,86,7.4,1
3465,17,58,80,75,0.1,1
3466,22,71,69,73,3.7,1
3467,16,59,61,55,4.1,1
3468,23,70,89,85,5.7,1
3469,20,57,66,79,1.5,1
3470,24,71,62,73,2.3,1
3471,17,74,56,71,4.7,1
3472,24,96,80,83,5.1,1
3473,25,62,62,83,2.5,1
3474,16,70,72,48,3.7,1
3475,16,78,44,81,3.0,1
3476,23,77,72,98,6.7,1
3477,16,86,68,66,3.5,1
3478,16,86,77,87,7.2,1
3479,17,70,57,100,5.7,1
3480,16,68,78,78,6.5,1
3481,25,89,78,77,6.5,1
3482,25,53,60,43,0.1,1
3483,22,73,83,58,3.4,1
3484,25,88,85,86,5.0,1
3485,16,56,70,58,4.2,1
3486,17,68,88,70,3.8,1
3487,23,82,83,82,6.3,1
3488,21,57,82,75,3.6,1
3489,22,50,54,65,0.2,1
3490,21,67,84,68,3.6,1
3491,24,82,85,92,6.6,1
3492,16,77,95,76,6.1,1
3493,18,87,76,55,7.5,1
3494,17,67,55,75,3.7,1
3495,18,64,77,82,3.9,1
3496,24,66,76,72,1.2,1
3497,22,78,89,97,7.5,1
3498,21,93,76,73,4.1,1
3499,20,60,98,87,5.8,1
3500,20,76,70,66,3.0,1
3501,22,96,96,90,6.2,1
3502,21,88,87,72,4.0,1
3503,16,34,73,69,0.5,1
3504,16,62,73,76,3.7,1
3505,23,59,88,67,7.9,1
3506,20,38,68,66,0.0,1
3507,24,53,46,64,1.5,1
3508,22,63,72,57,0.6,1
3509,21,74,64,73,0.0,1
3510,16,51,33,49,0.7,0
3511,25,39,67,78,1.4,1
3512,21,58,82,74,1.5,1
3513,21,70,46,77,1.8,1
3514,19,61,39,65,0.4,1
3515,25,94,69,66,2.5,1
3516,17,100,76,77,7.0,1
3517,21,79,95,80,5.6,1
3518,22,59,56,65,4.7,1
3519,22,58,63,63,2.8,1
3520,17,86,91,71,7.7,1
3521,18,89,97,76,7.8,1
3522,17,54,55,65,0.3,1
3523,24,61,87,95,5.3,1
3524,19,96,91,67,7.8,1
3525,23,64,44,54,2.0,1
3526,22,94,66,77,4.2,1
3527,24,68,59,64,3.5,1
3528,20,78,97,76,7.1,1
3529,24,74,84,46,2.4,1
3530,20,90,72,71,3.2,1
3531,21,67,35,58,0.4,1
3532,23,63,70,82,5.0,1
3533,22,42,55,66,1.3,1
3534,21,83,84,84,7.2,1
3535,20,70,67,80,5.8,1
3536,17,83,76,86,8.0,1
3537,22,60,60,58,0.8,1
3538,23,85,95,81,5.5,1
3539,18,61,85,82,5.1,1
3540,20,72,85,79,5.6,1
3541,16,79,79,95,7.1,1
3542,25,54,70,68,2.9,1
3543,22,78,78,74,6.1,1
3544,18,94,74,96,7.3,1
3545,25,52,54,74,2.1,1
3546,23,60,53,64,0.8,1
3547,18,43,63,67,3.7,1
3548,21,60,91,67,5.2,1
3549,17,66,57,58,0.4,1
3550,20,72,98,79,6.2,1
3551,25,57,66,69,0.9,1
3552,16,73,67,56,4.1,1
3553,17,52,73,67,0.6,1
3554,21,87,79,76,7.0,1
3555,24,67,60,59,2.9,1
3556,18,67,56,62,0.4,1
3557,22,71,81,76,7.7,1
3558,22,75,98,75,7.5,1
3559,17,69,62,88,4.4,1
3560,19,92,72,83,8.0,1
3561,18,94,75,69,5.7,1
3562,25,73,100,75,5.6,1
3563,16,43,57,63,0.0,1
3564,21,49,62,68,0.1,1
3565,16,60,69,61,0.6,1
3566,18,89,58,68,2.3,1
3567,25,68,83,59,0.5,1
3568,19,58,69,64,2.5,1
3569,16,57,57,75,4.6,1
3570,19,51,58,47,0.0,1
3571,22,71,79,75,4.1,1
3572,22,66,75,57,3.6,1
3573,16,51,41,76,2.3,1
3574,25,66,86,72,4.5,1
3575,25,96,92,71,6.9,1
3576,18,60,72,88,3.2,1
3577,22,92,65,80,5.4,1
3578,21,61,71,75,2.8,1
3579,23,81,80,85,7.1,1
3580,21,78,86,96,6.7,1
3581,16,33,74,78,1.4,1
3582,18,69,70,54,0.5,1
3583,17,88,64,67,4.2,1
3584,22,44,69,69,0.9,1
3585,24,62,67,61,3.0,1
3586,23,71,62,79,5.5,1
3587,17,48,67,69,3.1,1
3588,19,49,73,55,3.8,1
3589,19,73,57,73,0.5,1
3590,23,100,88,74,7.2,1
3591,20,60,54,91,6.9,1
3592,23,74,75,68,1.3,1
3593,25,83,84,72,2.4,1
3594,18,56,66,65,0.5,1
3595,20,72,52,86,5.2,1
3596,17,53,80,67,3.4,1
3597,25,72,64,75,5.7,1
3598,18,36,59,64,0.3,1
3599,18,75,77,45,1.8,1
3600,18,77,87,82,5.6,1
3601,19,57,52,68,0.3,1
3602,16,74,69,70,3.3,1
3603,16,68,60,73,2.8,1
3604,21,56,56,62,3.2,1
3605,19,61,62,70,1.1,1
3606,22,90,90,50,5.5,1
3607,17,58,82,75,3.8,1
3608,24,56,66,64,1.7,1
3609,19,80,63,89,6.7,1
3610,18,64,81,73,1.2,1
3611,17,72,70,52,3.4,1
3612,22,95,94,73,6.7,1
3613,16,58,45,79,3.1,1
3614,22,73,82,73,2.9,1
3615,20,94,73,62,2.4,1
3616,20,79,79,81,4.8,1
3617,22,60,82,71,2.8,1
3618,18,74,50,76,3.1,1
3619,17,69,72,62,2.4,1
3620,21,88,77,79,7.5,1
3621,18,43,58,64,0.8,1
3622,23,83,73,74,7.6,1
3623,17,84,77,78,5.9,1
3624,17,86,68,71,5.3,1
3625,19,56,70,82,1.6,1
3626,20,100,94,81,7.6,1
3627,21,70,84,76,5.3,1
3628,16,100,83,83,6.5,1
3629,21,70,82,69,6.8,1
3630,21,96,86,70,6.9,1
3631,25,55,78,63,5.4,1
3632,20,89,100,69,5.8,1
3633,21,79,93,75,7.6,1
3634,20,77,82,63,3.1,1
3635,24,71,58,73,3.1,1
3636,18,62,58,77,2.7,1
3637,16,98,63,81,4.6,1
3638,17,75,87,88,6.5,1
3639,18,80,62,52,2.6,1
3640,18,72,62,61,0.9,1
3641,20,46,74,71,1.1,1
3642,22,58,62,59,1.0,1
3643,20,67,73,94,5.2,1
3644,17,47,62,75,2.4,1
3645,16,54,79,66,3.6,1
3646,16,57,46,47,0.2,1
3647,23,96,64,85,7.5,1
3648,21,82,57,84,5.8,1
3649,24,70,74,74,2.2,1
3650,18,67,87,60,3.5,1
3651,20,52,44,61,2.1,1
3652,19,75,85,87,5.1,1
3653,16,67,84,76,5.5,1
3654,23,63,79,78,3.7,1
3655,21,68,71,69,3.3,1
3656,16,88,79,75,7.4,1
3657,18,84,81,88,6.5,1
3658,24,71,80,76,5.3,1
3659,18,62,56,77,3.9,1
3660,23,79,83,74,5.3,1
3661,16,76,90,78,4.8,1
3662,19,59,66,75,6.1,1
3663,17,72,75,79,4.0,1
3664,21,74,78,82,2.8,1
3665,18,100,88,69,7.3,1
3666,23,72,72,92,6.3,1
3667,25,79,58,70,2.8,1
3668,18,68,54,46,1.2,1
3669,19,82,91,76,5.6,1
3670,21,81,76,62,6.8,1
3671,19,81,89,68,6.3,1
3672,16,76,75,73,3.8,1
3673,23,62,72,62,0.4,1
3674,24,75,86,73,6.5,1
3675,16,51,60,74,0.8,1
3676,24,72,80,61,1.8,1
3677,18,91,76,80,5.6,1
3678,20,55,73,83,4.3,1
3679,19,65,61,74,2.6,1
3680,19,100,94,83,7.9,1
3681,18,67,85,82,7.4,1
3682,18,56,89,67,2.8,1
3683,25,74,30,59,1.2,1
3684,21,62,55,82,3.2,1
3685,25,80,97,93,7.9,1
3686,23,86,85,100,6.9,1
3687,17,69,90,68,4.3,1
3688,19,55,53,54,0.1,1
3689,24,87,71,82,7.6,1
3690,17,63,55,72,1.8,1
3691,16,68,84,57,4.1,1
3692,21,59,65,76,3.1,1
3693,23,50,71,68,0.4,1
3694,17,39,52,75,2.9,1
3695,17,59,43,57,0.6,1
3696,25,93,100,91,7.5,1
3697,25,75,82,65,7.9,1
3698,16,70,78,71,3.8,1
3699,20,77,59,82,1.3,1
3700,23,68,59,58,0.8,1
3701,20,60,67,57,0.6,1
3702,25,42,54,66,3.2,1
3703,22,69,54,70,0.3,1
3704,23,68,74,38,1.9,1
3705,18,49,47,88,1.1,1
3706,25,91,75,80,7.7,1
3707,24,69,86,73,3.4,1
3708,25,100,82,73,7.2,1
3709,17,66,68,73,4.8,1
3710,24,79,82,62,5.4,1
3711,18,66,69,57,1.9,1
3712,16,74,71,79,6.2,1
3713,20,46,81,57,4.5,1
3714,16,61,73,61,1.1,1
3715,20,58,56,56,2.5,1
3716,25,78,61,92,3.6,1
3717,22,72,89,78,6.5,1
3718,21,53,49,66,0.3,1
3719,19,89,76,84,3.8,1
3720,25,58,58,65,1.5,1
3721,25,87,90,76,5.2,1
3722,21,81,74,67,4.7,1
3723,21,45,58,57,0.9,1
3724,19,75,97,72,7.9,1
3725,24,60,71,69,5.0,1
3726,20,78,61,73,3.3,1
3727,21,99,62,76,6.0,1
3728,20,88,84,70,6.3,1
3729,17,82,63,69,3.2,1
3730,20,54,58,68,2.2,1
3731,20,81,98,74,7.0,1
3732,24,44,64,77,1.4,1
3733,24,57,62,97,3.4,1
3734,24,61,88,66,5.1,1
3735,20,75,84,79,0.8,1
3736,23,58,59,58,1.0,1
3737,23,69,82,83,6.1,1
3738,20,66,79,65,5.0,1
3739,23,94,96,80,6.4,1
3740,20,64,57,70,2.2,1
3741,17,47,52,66,1.2,1
3742,21,52,61,56,0.9,1
3743,23,56,74,65,2.7,1
3744,21,62,61,60,4.7,1
3745,16,52,83,85,4.4,1
3746,17,55,59,72,2.1,1
3747,20,70,84,97,5.6,1
3748,24,79,75,63,3.0,1
3749,18,37,77,64,1.5,1
3750,19,58,56,66,1.6,1
3751,22,69,69,56,1.7,1
3752,22,54,66,55,4.0,1
3753,22,77,81,58,6.3,1
3754,21,69,91,69,5.7,1
3755,20,64,67,80,3.1,1
3756,23,57,68,81,3.5,1
3757,19,79,100,90,7.9,1
3758,21,88,97,98,7.6,1
3759,25,75,92,74,7.6,1
3760,18,64,86,88,1.6,1
3761,25,82,82,72,6.3,1
3762,17,75,69,60,1.7,1
3763,19,50,69,64,1.6,1
3764,22,74,68,92,6.3,1
3765,23,90,93,67,6.8,1
3766,21,50,64,59,2.0,1
3767,21,84,75,78,1.7,1
3768,24,69,84,73,6.2,1
3769,16,55,37,68,1.7,1
3770,20,74,90,65,3.7,1
3771,16,51,32,59,0.7,0
3772,16,77,100,87,7.0,1
3773,22,82,100,65,7.3,1
3774,17,86,68,82,6.7,1
3775,23,65,72,70,2.6,1
3776,18,68,96,85,7.4,1
3777,24,71,55,68,1.8,1
3778,18,52,70,65,2.7,1
3779,18,94,73,69,2.5,1
3780,22,68,79,85,6.1,1
3781,24,83,86,77,5.8,1
3782,25,87,88,81,6.2,1
3783,18,63,59,50,0.7,1
3784,19,81,93,75,5.6,1
3785,25,84,43,78,0.4,1
3786,23,74,81,70,2.3,1
3787,19,64,87,68,4.8,1
3788,21,54,53,83,1.4,1
3789,17,74,78,62,4.0,1
3790,20,63,58,63,2.0,1
3791,16,64,74,61,2.9,1
3792,21,85,77,97,5.5,1
3793,22,85,90,79,6.8,1
3794,19,43,61,73,1.6,1
3795,16,72,55,48,2.4,1
3796,16,47,72,67,2.2,1
3797,21,64,85,66,4.9,1
3798,21,74,57,53,1.5,1
3799,25,82,89,73,5.6,1
3800,25,72,73,81,5.9,1
3801,23,63,89,87,7.4,1
3802,18,64,67,65,0.1,1
3803,24,60,54,54,0.7,1
3804,18,46,60,67,1.2,1
3805,22,67,71,65,1.7,1
3806,22,43,65,80,1.9,1
3807,18,83,91,70,5.2,1
3808,18,75,51,67,0.3,1
3809,20,92,79,71,5.0,1
3810,17,68,43,60,1.8,1
3811,16,40,61,64,2.2,1
3812,17,53,78,84,1.4,1
3813,18,73,88,68,6.3,1
3814,21,50,83,63,4.3,1
3815,24,50,86,82,4.0,1
3816,24,75,63,66,2.6,1
3817,20,86,67,82,7.9,1
3818,22,57,84,54,1.4,1
3819,23,60,69,67,3.5,1
3820,22,85,72,95,5.1,1
3821,20,89,89,84,6.2,1
3822,18,65,76,80,0.9,1
3823,18,61,64,63,1.4,1
3824,18,71,57,71,4.9,1
3825,17,49,67,79,2.3,1
3826,17,43,67,53,0.7,1
3827,22,60,67,63,4.7,1
3828,18,64,79,87,4.1,1
3829,16,65,50,76,0.5,1
3830,18,79,88,80,5.6,1
3831,19,71,79,61,6.0,1
3832,16,80,86,73,2.6,1
3833,20,54,63,60,2.0,1
3834,24,49,97,67,5.5,1
3835,25,64,44,74,1.4,1
3836,24,82,85,86,5.6,1
3837,22,89,81,62,7.5,1
3838,24,65,62,86,4.9,1
3839,19,36,66,72,1.7,1
3840,17,88,100,76,7.1,1
3841,22,51,64,39,1.4,1
3842,17,44,62,62,0.0,1
3843,24,82,89,75,6.3,1
3844,24,78,83,73,6.8,1
3845,18,50,59,62,3.7,1
3846,16,65,79,62,3.2,1
3847,17,60,85,66,5.2,1
3848,16,86,89,70,5.1,1
3849,20,68,67,46,2.0,1
3850,17,51,66,71,3.7,1
3851,25,79,58,62,3.4,1
3852,23,58,47,36,1.4,0
3853,18,64,91,82,5.6,1
3854,18,61,64,89,4.9,1
3855,18,70,82,50,2.6,1
3856,18,51,69,75,2.7,1
3857,22,87,77,73,5.0,1
3858,25,62,56,71,0.2,1
3859,25,33,50,79,3.3,1
3860,25,72,70,69,3.2,1
3861,25,64,59,56,3.7,1
3862,25,57,61,91,2.3,1
3863,19,88,62,87,6.4,1
3864,20,90,68,78,6.7,1
3865,19,48,59,77,3.2,1
3866,25,79,73,81,4.3,1
3867,25,46,46,70,1.3,1
3868,18,51,62,61,0.9,1
3869,22,47,64,59,1.1,1
3870,16,71,48,58,0.1,1
3871,20,73,73,57,2.9,1
3872,24,55,61,61,1.5,1
3873,23,70,53,55,2.4,1
3874,20,68,83,75,6.7,1
3875,21,69,68,79,3.3,1
3876,21,78,93,83,7.3,1
3877,21,78,69,60,5.8,1
3878,25,52,75,89,2.8,1
3879,21,75,74,52,3.1,1
3880,24,67,85,70,5.3,1
3881,23,59,75,73,4.6,1
3882,17,69,85,90,4.2,1
3883,16,50,52,49,0.2,1
3884,16,75,72,61,1.8,1
3885,20,56,59,48,1.1,1
3886,22,74,93,65,4.5,1
3887,21,71,58,65,1.3,1
3888,21,78,77,75,7.3,1
3889,23,78,53,71,1.1,1
3890,17,96,72,80,4.9,1
3891,20,82,73,60,3.5,1
3892,24,65,68,57,2.3,1
3893,19,71,80,77,4.8,1
3894,19,57,62,67,2.5,1
3895,18,63,58,76,2.3,1
3896,25,76,58,51,0.5,1
3897,18,89,85,80,7.6,1
3898,18,62,71,76,5.1,1
3899,20,63,71,67,4.3,1
3900,21,81,81,84,4.4,1
3901,20,64,57,67,1.4,1
3902,17,81,83,91,7.8,1
3903,17,94,79,56,3.6,1
3904,21,61,77,73,2.5,1
3905,20,65,76,70,2.2,1
3906,20,89,53,67,3.5,1
3907,20,61,48,57,0.9,1
3908,25,77,70,90,3.7,1
3909,25,54,74,57,1.6,1
3910,17,69,54,82,4.2,1
3911,17,78,94,100,5.5,1
3912,22,68,73,81,7.5,1
3913,18,70,79,85,6.5,1
3914,19,68,62,50,0.1,1
3915,21,74,84,72,5.5,1
3916,19,73,84,70,7.4,1
3917,24,32,56,51,0.4,0
3918,19,78,74,58,2.3,1
3919,23,63,75,75,3.5,1
3920,17,71,91,100,7.9,1
3921,18,51,65,66,4.7,1
3922,21,47,46,54,0.4,0
3923,16,88,87,65,5.5,1
3924,25,50,74,49,0.1,1
3925,21,55,49,53,1.3,1
3926,20,68,60,71,1.4,1
3927,24,73,99,90,6.2,1
3928,23,63,62,78,4.7,1
3929,21,89,77,77,6.6,1
3930,24,48,55,62,1.0,1
3931,25,64,67,47,0.4,1
3932,25,66,70,63,5.3,1
3933,17,76,96,65,6.6,1
3934,23,63,61,86,7.2,1
3935,25,79,69,70,4.2,1
3936,20,85,86,90,6.4,1
3937,18,60,82,86,4.2,1
3938,16,71,45,64,1.7,1
3939,24,66,64,74,0.9,1
3940,24,56,68,58,0.6,1
3941,16,100,88,70,7.1,1
3942,25,54,79,79,5.0,1
3943,23,68,79,88,4.6,1
3944,25,40,68,56,1.7,1
3945,21,76,80,73,6.0,1
3946,16,49,78,72,6.2,1
3947,22,55,52,61,0.2,1
3948,16,78,68,61,2.0,1
3949,25,80,100,81,7.9,1
3950,22,61,70,65,0.3,1
3951,24,92,68,87,6.4,1
3952,18,67,64,60,2.4,1
3953,17,100,77,74,7.2,1
3954,22,57,54,65,1.1,1
3955,21,58,65,74,4.1,1
3956,25,65,68,61,0.5,1
3957,21,100,85,74,7.8,1
3958,20,74,71,85,3.6,1
3959,22,82,96,83,6.6,1
3960,17,68,57,72,0.8,1
3961,25,65,67,61,0.3,1
3962,23,69,65,71,0.2,1
3963,22,63,77,71,3.3,1
3964,20,67,72,52,2.1,1
3965,17,91,83,37,0.3,1
3966,19,72,78,57,2.7,1
3967,20,65,99,72,3.3,1
3968,24,71,94,94,4.4,1
3969,16,55,66,79,2.1,1
3970,17,81,64,74,2.1,1
3971,17,57,66,78,4.2,1
3972,25,41,73,59,3.3,1
3973,22,64,40,75,2.1,1
3974,16,60,81,84,4.6,1
3975,20,64,85,94,7.5,1
3976,21,44,55,44,0.9,0
3977,21,77,70,61,4.3,1
3978,19,56,77,56,0.2,1
3979,24,91,70,93,7.9,1
3980,16,42,77,60,1.6,1
3981,24,75,85,67,7.2,1
3982,21,89,89,90,7.7,1
3983,22,62,66,66,2.3,1
3984,16,82,72,70,4.8,1
3985,21,72,43,70,1.5,1
3986,18,66,58,83,3.2,1
3987,16,100,95,86,7.4,1
3988,17,67,74,65,4.9,1
3989,23,58,70,78,1.1,1
3990,23,79,83,69,5.5,1
3991,25,56,100,65,1.7,1
3992,17,72,43,62,0.5,1
3993,17,91,84,78,7.6,1
3994,16,100,74,62,4.7,1
3995,22,97,77,85,7.9,1
3996,17,93,99,68,7.9,1
3997,18,61,89,62,2.3,1
3998,22,51,45,59,0.8,1
3999,16,51,70,61,1.5,1
4000,23,47,45,57,0.1,0
4001,18,75,50,70,0.4,1
4002,19,69,75,54,3.1,1
4003,17,83,100,72,4.6,1
4004,23,69,70,74,3.8,1
4005,23,51,81,67,1.9,1
4006,23,61,56,66,1.7,1
4007,16,78,82,80,5.2,1
4008,25,77,35,59,0.3,1
4009,22,72,75,75,4.0,1
4010,20,69,91,42,5.9,1
4011,17,37,65,91,4.6,1
4012,23,72,65,69,2.1,1
4013,18,82,74,84,6.6,1
4014,18,41,77,74,2.9,1
4015,18,69,82,68,2.7,1
4016,16,67,68,91,4.7,1
4017,23,81,87,76,7.1,1
4018,21,53,67,72,2.5,1
4019,22,35,63,61,0.6,1
4020,18,61,56,79,2.2,1
4021,25,74,76,83,4.3,1
4022,17,75,80,62,2.6,1
4023,17,38,72,79,1.4,1
4024,25,79,88,74,6.4,1
4025,24,93,49,67,3.4,1
4026,23,61,70,69,3.0,1
4027,24,61,66,66,2.2,1
4028,24,73,93,82,7.8,1
4029,16,59,62,78,3.9,1
4030,16,73,68,52,3.2,1
4031,19,83,65,78,3.1,1
4032,19,45,64,77,2.2,1
4033,23,92,88,87,7.6,1
4034,22,95,61,69,2.5,1
4035,16,68,62,61,1.3,1
4036,18,64,78,87,6.9,1
4037,19,81,81,69,6.1,1
4038,20,75,93,77,6.0,1
4039,25,73,61,47,0.9,1
4040,17,49,75,75,1.0,1
4041,16,76,71,58,4.6,1
4042,18,73,91,88,6.6,1
4043,23,65,73,80,5.9,1
4044,25,37,78,62,0.4,1
4045,21,93,64,85,2.4,1
4046,24,60,81,70,3.4,1
4047,16,76,49,73,0.4,1
4048,19,60,68,69,2.0,1
4049,19,90,89,89,7.6,1
4050,25,65,68,78,4.4,1
4051,24,39,52,64,1.1,1
4052,20,82,80,75,6.4,1
4053,19,66,78,76,2.6,1
4054,25,76,76,87,4.9,1
4055,20,76,87,83,6.9,1
4056,18,64,64,64,2.1,1
4057,18,72,78,54,5.7,1
4058,19,70,57,62,4.1,1
4059,16,64,57,52,1.2,1
4060,17,68,64,51,4.0,1
4061,23,76,56,68,1.8,1
4062,19,75,66,68,2.8,1
4063,17,77,72,75,1.3,1
4064,21,53,69,69,0.9,1
4065,17,82,47,73,5.0,1
4066,22,60,72,64,0.9,1
4067,18,61,75,70,1.8,1
4068,19,73,71,73,4.2,1
4069,18,74,55,78,1.6,1
4070,17,65,79,78,2.8,1
4071,20,85,85,81,7.6,1
4072,21,49,73,46,1.8,1
4073,20,60,38,65,2.5,1
4074,18,93,81,86,7.8,1
4075,20,72,68,75,3.1,1
4076,21,75,72,57,4.0,1
4077,19,77,100,82,7.7,1
4078,22,68,73,62,0.7,1
4079,18,85,68,90,7.5,1
4080,18,77,82,68,3.2,1
4081,22,68,86,73,5.6,1
4082,18,70,83,84,6.8,1
4083,25,92,77,69,7.0,1
4084,20,76,78,89,6.3,1
4085,17,61,70,74,5.3,1
4086,17,83,78,91,6.5,1
4087,20,93,94,82,7.8,1
4088,16,73,51,75,2.5,1
4089,22,79,72,65,4.4,1
4090,20,88,76,68,4.8,1
4091,20,88,100,69,4.6,1
4092,20,67,82,77,5.1,1
4093,25,75,85,60,3.9,1
4094,16,79,76,84,6.9,1
4095,21,80,66,88,5.4,1
4096,17,55,70,90,4.2,1
4097,24,48,62,61,0.2,1
4098,17,70,89,79,6.5,1
4099,18,75,88,79,6.5,1
4100,18,58,81,68,2.0,1
4101,16,64,53,91,2.5,1
4102,23,60,57,49,1.1,1
4103,24,75,68,83,3.1,1
4104,17,81,62,70,4.8,1
4105,25,89,87,78,7.3,1
4106,19,92,85,60,2.4,1
4107,19,51,43,53,0.9,0
4108,24,61,71,65,3.3,1
4109,22,100,100,71,7.1,1
4110,16,93,79,90,5.8,1
4111,20,67,68,75,6.8,1
4112,16,85,100,86,5.0,1
4113,21,43,60,87,1.8,1
4114,24,75,81,64,4.2,1
4115,16,73,57,78,3.8,1
4116,17,88,89,84,7.6,1
4117,24,34,40,74,0.9,0
4118,25,100,57,65,7.0,1
4119,20,72,58,52,3.8,1
4120,16,71,52,80,3.6,1
4121,16,60,64,62,1.5,1
4122,21,54,74,70,3.7,1
4123,18,70,69,77,5.2,1
4124,22,79,98,98,7.7,1
4125,22,76,65,69,4.7,1
4126,21,71,83,95,6.8,1
4127,16,50,75,82,3.1,1
4128,17,69,79,48,2.0,1
4129,21,100,69,79,5.6,1
4130,17,83,99,68,6.7,1
4131,22,55,59,62,0.6,1
4132,24,82,86,74,6.1,1
4133,19,71,65,85,5.6,1
4134,20,60,73,76,4.3,1
4135,16,72,48,45,0.1,1
4136,16,52,67,73,2.5,1
4137,21,70,98,83,7.3,1
4138,22,58,63,86,5.6,1
4139,19,98,69,77,5.3,1
4140,17,70,62,60,0.0,1
4141,20,66,95,88,7.3,1
4142,25,92,85,74,6.3,1
4143,23,52,80,70,2.0,1
4144,24,76,100,66,6.2,1
4145,21,91,93,80,6.5,1
4146,17,51,67,77,2.7,1
4147,16,84,70,79,6.1,1
4148,18,76,61,83,2.4,1
4149,21,67,87,84,6.2,1
4150,23,66,56,63,0.8,1
4151,24,55,87,71,3.7,1
4152,19,56,70,64,3.8,1
4153,23,79,65,70,2.5,1
4154,20,56,90,69,6.6,1
4155,21,71,69,80,5.6,1
4156,20,86,71,86,6.2,1
4157,18,89,97,80,7.1,1
4158,22,72,78,78,3.4,1
4159,22,94,99,86,5.5,1
4160,21,47,40,58,1.7,0
4161,23,78,81,72,3.3,1
4162,24,96,75,73,6.7,1
4163,16,52,79,92,6.4,1
4164,19,59,55,47,1.4,1
4165,19,61,67,47,2.1,1
4166,18,66,56,63,3.8,1
4167,21,46,84,75,4.8,1
4168,21,57,81,73,3.3,1
4169,25,72,85,80,7.1,1
4170,17,86,81,68,4.7,1
4171,24,71,55,76,2.1,1
4172,18,54,72,74,3.6,1
4173,18,52,52,67,1.4,1
4174,23,84,75,70,6.6,1
4175,25,46,61,70,1.0,1
4176,25,86,79,87,7.1,1
4177,24,64,68,71,3.2,1
4178,22,90,100,83,7.6,1
4179,18,76,52,93,1.5,1
4180,24,54,80,59,0.1,1
4181,18,73,99,87,5.4,1
4182,17,75,85,59,3.6,1
4183,19,100,94,62,6.4,1
4184,21,83,87,73,5.5,1
4185,19,50,70,64,1.7,1
4186,25,71,79,77,1.8,1
4187,18,75,63,74,4.5,1
4188,24,77,47,59,1.8,1
4189,21,69,73,63,2.1,1
4190,24,43,64,61,2.6,1
4191,25,55,65,65,1.8,1
4192,17,52,43,55,1.3,1
4193,19,97,77,58,2.8,1
4194,18,76,81,69,6.6,1
4195,21,74,85,74,6.6,1
4196,19,64,74,90,4.7,1
4197,25,66,69,75,3.0,1
4198,16,58,59,70,3.3,1
4199,22,85,84,96,6.8,1
4200,17,74,78,68,4.5,1
4201,16,63,38,67,1.3,1
4202,19,46,74,87,5.0,1
4203,16,77,81,81,4.7,1
4204,18,52,62,68,0.1,1
4205,16,47,73,54,1.2,1
4206,16,79,66,57,0.9,1
4207,21,69,50,86,2.3,1
4208,25,75,59,67,4.0,1
4209,19,75,68,80,5.0,1
4210,19,60,75,78,3.2,1
4211,16,96,85,77,6.5,1
4212,19,20,70,47,1.0,0
4213,20,60,57,65,0.7,1
4214,22,45,77,57,2.5,1
4215,18,92,92,76,7.6,1
4216,23,69,64,66,3.7,1
4217,17,72,96,91,7.3,1
4218,25,48,48,69,1.6,1
4219,17,79,86,72,4.7,1
4220,21,57,43,79,1.9,1
4221,20,83,89,64,3.8,1
4222,22,49,74,53,0.8,1
4223,25,49,76,83,3.4,1
4224,18,78,95,61,5.3,1
4225,21,81,92,79,7.0,1
4226,19,78,78,87,6.9,1
4227,20,62,58,59,1.7,1
4228,16,63,50,80,4.1,1
4229,23,74,92,86,5.1,1
4230,20,95,87,84,6.9,1
4231,24,69,50,58,1.9,1
4232,24,63,67,70,6.3,1
4233,16,51,63,54,2.4,1
4234,25,68,65,71,1.6,1
4235,18,86,74,90,4.7,1
4236,16,73,48,66,1.3,1
4237,20,81,100,77,7.7,1
4238,21,90,60,74,5.9,1
4239,24,63,45,61,1.4,1
4240,22,66,95,80,6.3,1
4241,22,59,56,56,3.9,1
4242,21,99,93,84,5.9,1
4243,18,83,94,77,4.4,1
4244,18,66,75,46,2.8,1
4245,22,67,55,68,1.3,1
4246,25,90,93,68,6.1,1
4247,17,85,89,84,6.8,1
4248,25,70,59,63,4.6,1
4249,25,71,82,75,5.6,1
4250,22,64,68,88,3.2,1
4251,21,96,88,74,6.6,1
4252,23,85,82,78,6.7,1
4253,19,93,82,68,4.9,1
4254,19,68,77,78,4.3,1
4255,23,65,57,71,0.7,1
4256,22,70,93,80,7.7,1
4257,23,72,86,87,5.3,1
4258,22,93,100,89,6.6,1
4259,18,70,82,70,3.1,1
4260,25,64,60,69,2.6,1
4261,22,65,45,71,0.7,1
4262,19,72,100,72,7.9,1
4263,17,70,51,59,0.1,1
4264,22,69,82,61,2.4,1
4265,22,74,62,74,2.8,1
4266,18,65,65,62,3.7,1
4267,21,46,84,90,3.8,1
4268,19,84,76,75,6.3,1
4269,16,97,69,60,6.6,1
4270,17,75,37,84,4.1,1
4271,23,68,74,74,5.0,1
4272,18,60,68,75,2.3,1
4273,20,48,59,51,0.6,1
4274,19,88,66,76,4.0,1
4275,25,90,82,74,6.1,1
4276,19,81,69,58,3.0,1
4277,25,53,51,44,0.3,0
4278,20,55,86,63,0.5,1
4279,25,54,67,76,2.7,1
4280,20,51,55,69,1.4,1
4281,21,61,69,95,6.2,1
4282,23,76,73,83,4.3,1
4283,20,63,63,77,3.9,1
4284,24,90,78,81,7.6,1
4285,23,55,54,61,0.4,1
4286,21,59,84,91,7.0,1
4287,23,73,48,44,1.1,1
4288,17,82,63,83,2.9,1
4289,24,50,67,72,3.0,1
4290,23,71,67,59,3.8,1
4291,17,44,56,55,0.1,1
4292,24,50,67,76,3.1,1
4293,22,69,85,93,6.0,1
4294,23,67,53,71,2.1,1
4295,19,42,59,65,0.2,1
4296,23,98,83,73,5.6,1
4297,18,66,73,78,1.5,1
4298,20,59,67,67,6.2,1
4299,23,60,72,63,4.1,1
4300,25,80,94,82,6.5,1
4301,19,78,91,79,4.6,1
4302,25,95,71,80,6.9,1
4303,22,67,41,48,0.2,1
4304,20,55,78,77,4.6,1
4305,23,47,47,63,0.5,1
4306,24,62,79,70,6.9,1
4307,22,69,73,84,3.1,1
4308,25,93,76,63,7.4,1
4309,23,66,49,65,1.5,1
4310,25,43,79,61,0.6,1
4311,18,59,68,62,3.9,1
4312,19,100,82,82,6.2,1
4313,16,76,65,72,4.3,1
4314,20,72,66,78,1.3,1
4315,24,60,53,91,5.5,1
4316,21,75,81,66,2.4,1
4317,16,48,71,73,0.9,1
4318,22,72,85,77,4.8,1
4319,24,78,71,65,3.5,1
4320,20,58,80,57,1.9,1
4321,20,76,81,88,5.3,1
4322,17,89,60,68,3.7,1
4323,24,99,85,88,6.9,1
4324,19,73,69,88,5.4,1
4325,25,84,59,92,6.9,1
4326,20,93,70,73,7.1,1
4327,18,80,81,100,7.2,1
4328,16,58,74,67,0.9,1
4329,18,64,81,72,3.3,1
4330,24,57,44,45,0.3,0
4331,17,57,79,62,3.6,1
4332,18,68,80,56,5.2,1
4333,24,82,62,73,2.6,1
4334,24,77,100,70,5.3,1
4335,18,65,79,86,5.1,1
4336,22,91,80,67,7.5,1
4337,22,89,95,79,6.9,1
4338,16,73,78,66,4.2,1
4339,17,55,56,81,3.7,1
4340,20,63,69,84,2.2,1
4341,22,78,84,90,5.0,1
4342,23,83,87,82,7.2,1
4343,20,87,80,90,6.5,1
4344,19,89,74,70,3.3,1
4345,18,77,89,92,7.7,1
4346,25,93,82,50,3.6,1
4347,16,48,78,88,2.0,1
4348,20,62,55,83,1.9,1
4349,20,44,71,50,0.3,1
4350,17,83,87,60,5.6,1
4351,20,100,74,79,5.4,1
4352,24,64,91,87,4.4,1
4353,25,54,71,68,3.6,1
4354,22,78,63,68,1.2,1
4355,22,45,65,65,0.3,1
4356,22,32,75,71,2.3,1
4357,20,46,77,89,4.5,1
4358,18,62,87,76,6.0,1
4359,24,73,79,68,3.1,1
4360,22,66,96,64,3.2,1
4361,25,85,96,53,4.7,1
4362,25,100,92,94,5.3,1
4363,25,79,73,73,6.3,1
4364,23,96,73,87,6.9,1
4365,23,79,94,63,3.6,1
4366,19,67,71,76,2.0,1
4367,20,85,81,85,7.2,1
4368,19,100,83,80,7.8,1
4369,18,92,74,68,3.2,1
4370,23,88,95,93,7.4,1
4371,17,79,100,83,7.7,1
4372,20,81,73,74,5.8,1
4373,17,39,55,50,0.1,0
4374,24,93,87,74,3.8,1
4375,22,81,68,85,5.2,1
4376,18,82,81,68,2.4,1
4377,18,61,67,62,0.4,1
4378,23,100,64,94,7.9,1
4379,17,73,100,56,5.0,1
4380,25,100,93,71,7.5,1
4381,16,83,69,76,5.2,1
4382,23,77,78,99,5.3,1
4383,23,50,90,66,4.9,1
4384,23,64,64,41,1.2,1
4385,20,91,84,91,6.8,1
4386,17,72,68,100,5.7,1
4387,19,53,58,74,3.9,1
4388,23,73,70,68,4.0,1
4389,21,39,68,61,0.5,1
4390,16,52,54,75,1.2,1
4391,25,81,79,67,4.8,1
4392,16,61,60,46,1.5,1
4393,20,49,70,74,2.2,1
4394,22,55,57,48,0.2,1
4395,18,78,85,79,6.2,1
4396,23,67,86,77,3.3,1
4397,17,57,60,71,6.3,1
4398,21,36,50,38,0.7,0
4399,18,78,82,76,6.9,1
4400,20,62,63,49,0.3,1
4401,21,62,84,86,4.1,1
4402,17,74,71,61,2.6,1
4403,25,56,80,76,3.1,1
4404,23,89,92,79,6.6,1
4405,25,63,63,58,2.0,1
4406,17,95,100,69,4.3,1
4407,19,77,62,82,4.8,1
4408,16,96,69,70,5.4,1
4409,18,79,78,56,6.1,1
4410,24,70,71,65,4.4,1
4411,16,74,77,71,5.3,1
4412,21,62,67,57,0.7,1
4413,22,79,86,78,5.7,1
4414,18,80,77,59,1.6,1
4415,23,72,56,63,2.4,1
4416,22,70,44,70,3.9,1
4417,24,86,69,86,3.9,1
4418,17,78,65,66,4.8,1
4419,20,89,88,84,6.9,1
4420,22,61,80,76,3.0,1
4421,24,72,69,62,2.7,1
4422,17,63,59,60,0.9,1
4423,23,77,76,86,6.4,1
4424,23,77,51,79,5.4,1
4425,21,72,96,80,5.7,1
4426,24,75,76,71,5.4,1
4427,19,57,50,61,0.6,1
4428,25,43,68,76,2.7,1
4429,23,86,82,72,6.4,1
4430,25,71,76,69,3.0,1
4431,16,44,73,61,1.1,1
4432,23,87,84,78,6.5,1
4433,22,97,80,79,4.1,1
4434,22,70,68,70,3.2,1
4435,16,42,57,56,1.0,1
4436,16,64,75,74,5.0,1
4437,19,43,57,89,4.7,1
4438,16,66,71,73,1.1,1
4439,21,69,87,64,1.3,1
4440,25,51,77,58,2.9,1
4441,18,100,92,80,7.8,1
4442,23,65,73,57,2.8,1
4443,20,75,86,59,5.3,1
4444,16,43,66,42,2.6,1
4445,20,84,75,87,5.5,1
4446,24,67,50,60,1.0,1
4447,21,67,94,70,4.2,1
4448,22,70,71,79,1.3,1
4449,21,45,62,59,1.2,1
4450,16,73,66,61,1.9,1
4451,22,77,94,72,6.7,1
4452,18,82,90,72,6.1,1
4453,18,62,59,62,1.6,1
4454,21,85,85,79,7.6,1
4455,19,73,75,71,5.4,1
4456,22,56,44,59,0.4,1
4457,21,58,65,63,1.0,1
4458,23,83,85,76,4.5,1
4459,20,75,84,83,5.9,1
4460,23,56,70,84,4.7,1
4461,25,100,94,69,7.5,1
4462,22,66,70,62,3.5,1
4463,22,62,80,79,4.6,1
4464,21,83,64,77,5.7,1
4465,24,68,71,69,3.7,1
4466,18,82,100,82,7.8,1
4467,23,88,87,90,6.4,1
4468,17,55,82,85,4.5,1
4469,22,75,93,81,3.9,1
4470,23,76,60,58,1.7,1
4471,22,87,71,74,2.3,1
4472,18,75,100,71,6.5,1
4473,23,78,56,68,3.0,1
4474,19,87,75,68,5.0,1
4475,24,80,81,81,6.9,1
4476,25,65,60,62,0.8,1
4477,22,77,96,66,4.9,1
4478,19,84,83,83,7.7,1
4479,25,73,72,68,4.2,1
4480,21,73,80,87,6.9,1
4481,21,38,76,52,1.0,1
4482,25,79,85,99,5.0,1
4483,17,53,47,58,0.2,1
4484,18,69,64,33,1.5,1
4485,18,70,86,86,7.3,1
4486,22,100,57,80,7.1,1
4487,22,63,81,79,3.2,1
4488,19,67,85,76,4.5,1
4489,16,59,81,69,2.7,1
4490,20,51,66,49,0.7,1
4491,20,87,89,91,5.8,1
4492,22,72,72,59,3.8,1
4493,22,79,82,93,3.6,1
4494,18,55,74,64,0.1,1
4495,19,74,73,89,6.4,1
4496,22,65,92,58,7.1,1
4497,17,54,69,53,2.3,1
4498,17,73,76,85,4.2,1
4499,25,76,57,71,5.4,1
4500,25,57,81,100,6.3,1
4501,24,54,62,66,3.4,1
4502,20,83,78,67,4.8,1
4503,22,72,84,83,6.2,1
4504,25,69,61,69,2.1,1
4505,18,53,66,62,5.7,1
4506,17,61,61,90,2.6,1
4507,19,67,65,61,2.0,1
4508,18,47,66,75,1.1,1
4509,24,72,91,86,5.6,1
4510,18,88,63,51,2.7,1
4511,23,42,57,77,0.5,1
4512,19,93,61,59,3.6,1
4513,16,43,61,78,2.6,1
4514,22,83,86,76,5.6,1
4515,20,66,82,73,4.6,1
4516,24,70,98,81,7.8,1
4517,21,64,59,56,4.1,1
4518,19,74,57,74,7.1,1
4519,25,75,87,81,6.9,1
4520,24,53,67,54,0.5,1
4521,22,80,70,64,3.2,1
4522,23,85,71,80,5.5,1
4523,23,64,76,67,5.3,1
4524,23,84,74,68,2.8,1
4525,23,72,70,61,3.4,1
4526,22,79,88,72,6.5,1
4527,16,56,73,66,2.9,1
4528,20,88,83,97,6.9,1
4529,25,75,76,80,4.9,1
4530,19,50,100,54,4.2,1
4531,16,72,82,69,4.1,1
4532,17,70,82,68,3.6,1
4533,16,74,100,85,7.1,1
4534,22,63,75,65,0.5,1
4535,16,71,66,90,4.3,1
4536,20,76,84,92,6.0,1
4537,16,69,77,63,4.7,1
4538,25,72,90,86,7.0,1
4539,18,81,81,63,4.4,1
4540,20,55,74,69,2.5,1
4541,22,43,82,79,6.0,1
4542,21,70,67,66,4.0,1
4543,20,88,69,67,5.4,1
4544,18,65,72,78,5.3,1
4545,25,77,82,77,2.0,1
4546,17,49,38,63,2.8,1
4547,18,61,88,74,2.7,1
4548,20,60,63,76,1.2,1
4549,23,61,80,62,5.3,1
4550,17,80,99,84,5.3,1
4551,20,79,72,87,7.9,1
4552,18,95,77,93,6.7,1
4553,22,80,71,71,5.6,1
4554,19,57,64,62,1.3,1
4555,21,66,90,75,5.8,1
4556,23,77,61,66,2.3,1
4557,23,73,63,68,1.5,1
4558,17,60,82,67,3.0,1
4559,17,59,71,77,3.7,1
4560,21,90,72,75,6.6,1
4561,24,86,77,77,4.7,1
4562,18,67,52,67,1.8,1
4563,24,92,88,88,7.6,1
4564,25,68,53,44,0.5,1
4565,22,61,86,53,2.5,1
4566,16,72,59,70,5.4,1
4567,23,72,71,76,4.6,1
4568,21,52,63,65,2.5,1
4569,24,63,54,72,4.3,1
4570,17,52,79,73,2.8,1
4571,16,68,87,61,4.5,1
4572,22,48,65,57,1.3,1
4573,20,64,77,78,4.4,1
4574,16,77,73,79,5.5,1
4575,25,72,73,59,3.2,1
4576,16,62,75,79,5.1,1
4577,24,73,53,48,0.8,1
4578,17,67,86,85,4.1,1
4579,23,39,67,68,0.1,1
4580,17,43,51,57,0.4,1
4581,18,83,86,79,4.7,1
4582,24,70,87,63,5.3,1
4583,25,91,81,77,7.2,1
4584,21,81,55,58,3.7,1
4585,19,91,98,67,8.0,1
4586,23,69,70,69,1.9,1
4587,19,50,73,55,0.8,1
4588,23,57,84,77,5.4,1
4589,17,58,62,71,4.2,1
4590,20,48,53,92,2.1,1
4591,24,72,62,60,1.7,1
4592,16,88,72,59,5.2,1
4593,19,92,67,87,7.8,1
4594,23,72,52,55,0.9,1
4595,24,73,61,55,4.8,1
4596,25,78,92,77,3.6,1
4597,19,68,95,74,5.1,1
4598,20,75,79,64,2.1,1
4599,20,56,49,62,0.2,1
4600,22,66,89,79,7.6,1
4601,19,74,78,83,7.5,1
4602,19,68,68,99,6.9,1
4603,21,83,63,69,3.6,1
4604,23,56,36,64,1.9,1
4605,19,92,95,72,5.7,1
4606,20,85,85,75,5.1,1
4607,18,37,90,58,2.4,1
4608,20,83,57,63,4.3,1
4609,16,93,82,88,7.6,1
4610,20,45,67,60,3.1,1
4611,25,65,73,63,2.9,1
4612,25,51,61,62,0.9,1
4613,16,89,84,77,7.6,1
4614,24,46,63,54,0.6,1
4615,17,64,43,60,1.8,1
4616,16,67,78,89,5.6,1
4617,23,76,100,92,6.5,1
4618,18,88,70,86,4.3,1
4619,19,86,85,98,7.8,1
4620,21,100,88,70,7.8,1
4621,25,69,64,77,3.1,1
4622,23,61,63,65,3.7,1
4623,22,68,70,86,3.3,1
4624,19,63,75,45,2.2,1
4625,18,83,77,76,6.3,1
4626,25,65,98,79,4.7,1
4627,19,93,77,86,5.8,1
4628,25,69,98,88,5.9,1
4629,25,63,66,63,0.6,1
4630,20,50,62,67,0.2,1
4631,21,52,69,48,0.5,1
4632,18,100,82,82,6.9,1
4633,24,61,69,71,3.1,1
4634,21,93,66,61,5.9,1
4635,21,67,52,57,2.8,1
4636,20,82,81,82,6.5,1
4637,19,100,81,81,7.4,1
4638,18,78,78,80,5.9,1
4639,19,83,75,76,6.7,1
4640,24,85,78,79,3.2,1
4641,24,75,64,65,1.8,1
4642,20,93,83,98,7.4,1
4643,17,51,70,72,3.0,1
4644,17,74,67,55,2.1,1
4645,24,73,64,81,3.7,1
4646,20,69,53,67,0.1,1
4647,23,62,83,87,5.2,1
4648,21,75,89,77,4.0,1
4649,24,70,81,63,3.8,1
4650,17,57,52,71,2.0,1
4651,18,77,76,76,5.1,1
4652,23,53,51,55,0.8,1
4653,24,62,76,64,2.6,1
4654,24,76,99,75,5.2,1
4655,25,76,98,97,5.3,1
4656,18,90,83,86,5.7,1
4657,16,89,72,56,1.5,1
4658,21,88,95,82,7.3,1
4659,18,59,57,64,1.3,1
4660,22,67,75,73,3.8,1
4661,21,76,79,87,5.9,1
4662,19,60,63,59,1.6,1
4663,18,81,86,71,6.8,1
4664,25,80,59,60,1.0,1
4665,22,89,66,62,1.1,1
4666,17,38,64,74,0.9,1
4667,19,69,68,68,1.8,1
4668,22,92,93,87,7.6,1
4669,19,78,100,70,5.9,1
4670,18,66,68,74,1.7,1
4671,20,73,77,73,4.9,1
4672,22,75,64,67,1.5,1
4673,25,85,100,75,7.6,1
4674,19,53,51,60,2.2,1
4675,21,52,64,49,1.4,1
4676,21,88,100,76,5.5,1
4677,22,55,87,67,3.0,1
4678,22,100,82,88,7.7,1
4679,24,67,53,70,0.5,1
4680,21,70,52,72,1.8,1
4681,21,75,48,85,1.3,1
4682,22,60,67,77,3.5,1
4683,19,67,58,59,4.5,1
4684,25,83,70,79,4.4,1
4685,20,78,53,47,1.6,1
4686,18,82,64,70,2.4,1
4687,23,78,73,85,6.9,1
4688,19,81,71,82,2.6,1
4689,22,59,74,72,4.4,1
4690,17,64,60,67,3.1,1
4691,23,75,90,83,4.7,1
4692,17,58,65,75,3.3,1
4693,24,41,71,53,0.7,1
4694,17,40,77,63,0.2,1
4695,23,76,67,65,1.0,1
4696,17,43,50,54,2.2,0
4697,24,100,88,75,7.2,1
4698,19,64,90,59,0.9,1
4699,22,71,77,80,6.3,1
4700,21,63,87,61,5.1,1
4701,18,64,59,50,3.1,1
4702,19,89,58,78,4.8,1
4703,25,60,72,90,6.9,1
4704,25,64,67,62,2.1,1
4705,17,38,75,61,1.5,1
4706,17,59,61,79,5.0,1
4707,22,68,76,77,5.5,1
4708,17,91,95,88,7.6,1
4709,25,40,67,53,0.2,1
4710,25,52,58,54,0.3,1
4711,19,61,78,57,2.2,1
4712,19,66,84,100,7.7,1
4713,20,36,50,59,0.4,0
4714,17,100,76,80,6.9,1
4715,17,91,86,61,8.0,1
4716,25,94,64,67,5.2,1
4717,16,46,80,72,0.4,1
4718,18,94,79,63,4.2,1
4719,22,72,94,100,7.4,1
4720,25,80,76,79,4.8,1
4721,19,85,49,63,2.1,1
4722,18,95,90,90,8.0,1
4723,22,22,63,77,0.5,1
4724,25,71,69,57,0.8,1
4725,17,41,70,80,2.6,1
4726,17,47,74,76,1.6,1
4727,25,96,69,85,5.5,1
4728,23,76,100,76,5.4,1
4729,24,67,67,87,4.4,1
4730,23,97,82,85,6.8,1
4731,23,100,98,84,7.5,1
4732,24,79,52,82,2.9,1
4733,19,75,95,94,4.8,1
4734,23,77,82,64,2.4,1
4735,22,50,56,63,1.0,1
4736,21,71,82,71,2.3,1
4737,17,85,90,73,7.4,1
4738,18,60,62,73,3.1,1
4739,21,73,67,58,2.7,1
4740,17,38,50,53,0.0,0
4741,17,70,89,80,7.5,1
4742,24,74,79,89,7.3,1
4743,20,87,71,74,4.1,1
4744,17,73,63,62,4.7,1
4745,22,94,62,73,3.6,1
4746,24,75,87,91,2.4,1
4747,23,81,80,61,5.1,1
4748,21,79,80,71,3.2,1
4749,16,67,68,80,3.8,1
4750,20,45,66,91,0.9,1
4751,22,83,70,73,4.1,1
4752,24,72,79,51,3.6,1
4753,16,98,86,79,7.7,1
4754,20,85,90,79,7.9,1
4755,18,84,74,78,4.3,1
4756,17,84,69,62,2.8,1
4757,19,63,66,64,1.1,1
4758,20,71,81,62,3.8,1
4759,21,78,83,88,8.0,1
4760,24,63,61,63,2.1,1
4761,21,88,88,81,7.1,1
4762,21,79,89,59,1.6,1
4763,18,50,50,64,1.3,1
4764,22,63,49,48,2.3,1
4765,21,82,86,83,7.7,1
4766,16,44,40,58,1.0,0
4767,16,91,91,97,7.2,1
4768,19,43,49,53,2.4,0
4769,18,54,80,85,6.3,1
4770,23,68,77,65,4.4,1
4771,18,80,88,62,4.4,1
4772,19,31,59,69,0.2,1
4773,24,92,74,77,5.1,1
4774,17,91,94,86,5.3,1
4775,25,76,72,83,5.8,1
4776,22,69,96,75,4.8,1
4777,24,57,78,58,2.6,1
4778,16,83,72,86,4.4,1
4779,16,71,76,70,6.7,1
4780,21,69,66,79,7.2,1
4781,22,58,58,54,0.1,1
4782,19,81,69,81,3.6,1
4783,16,52,70,68,0.7,1
4784,24,62,47,55,0.6,1
4785,18,57,58,74,2.9,1
4786,25,92,62,59,4.9,1
4787,20,41,71,70,2.2,1
4788,16,66,70,66,4.3,1
4789,18,88,94,84,7.2,1
4790,17,69,75,74,3.6,1
4791,21,77,63,77,2.7,1
4792,21,79,80,60,3.7,1
4793,16,75,57,64,3.1,1
4794,18,71,100,81,3.0,1
4795,19,75,79,61,1.8,1
4796,18,75,92,75,7.4,1
4797,24,92,94,84,7.4,1
4798,18,74,57,87,4.8,1
4799,25,69,77,72,4.8,1
4800,18,88,88,80,6.6,1
4801,23,75,50,68,4.3,1
4802,18,90,80,86,7.2,1
4803,16,89,68,69,3.2,1
4804,17,49,72,74,6.7,1
4805,20,82,70,74,4.3,1
4806,17,79,92,80,5.4,1
4807,19,51,55,51,1.7,1
4808,16,58,76,63,0.5,1
4809,21,63,75,61,3.4,1
4810,20,93,96,83,5.6,1
4811,21,79,100,71,7.8,1
4812,18,54,59,82,1.8,1
4813,19,62,89,56,1.1,1
4814,24,68,79,87,6.1,1
4815,23,85,70,78,5.9,1
4816,20,79,77,94,7.6,1
4817,17,68,60,72,7.4,1
4818,22,71,58,80,2.7,1
4819,22,72,61,43,0.5,1
4820,21,62,87,76,3.8,1
4821,25,60,62,70,0.5,1
4822,24,85,68,79,5.4,1
4823,23,77,85,84,5.1,1
4824,17,87,70,70,4.3,1
4825,18,54,55,63,3.0,1
4826,19,75,94,86,7.3,1
4827,18,75,79,81,4.9,1
4828,21,76,82,95,6.2,1
4829,25,89,92,79,7.3,1
4830,20,61,58,62,3.5,1
4831,22,75,97,69,3.0,1
4832,20,43,56,56,0.8,1
4833,23,45,60,66,3.3,1
4834,24,66,77,72,1.1,1
4835,16,83,76,72,6.5,1
4836,22,73,73,64,3.6,1
4837,21,61,64,57,0.5,1
4838,19,100,98,76,7.7,1
4839,21,68,95,55,5.4,1
4840,20,50,59,71,4.2,1
4841,18,66,48,59,1.3,1
4842,16,43,60,61,2.5,1
4843,22,85,73,56,4.6,1
4844,17,77,51,45,1.1,1
4845,18,92,68,88,6.0,1
4846,21,100,68,68,5.6,1
4847,19,80,50,78,2.1,1
4848,20,75,73,61,3.5,1
4849,16,63,54,51,1.5,1
4850,16,64,59,76,2.3,1
4851,25,78,64,76,3.7,1
4852,16,62,76,84,3.7,1
4853,24,55,74,76,1.1,1
4854,18,55,87,92,6.2,1
4855,18,93,71,76,5.5,1
4856,22,74,73,60,3.9,1
4857,22,49,51,74,1.6,1
4858,24,51,74,70,3.4,1
4859,18,84,83,84,7.1,1
4860,24,63,71,64,2.3,1
4861,20,85,76,85,6.2,1
4862,23,76,59,92,5.4,1
4863,24,75,60,50,1.3,1
4864,17,88,63,90,5.6,1
4865,20,71,88,79,4.9,1
4866,24,83,96,79,7.9,1
4867,16,62,68,48,0.9,1
4868,25,100,72,95,7.4,1
4869,16,65,53,68,0.6,1
4870,24,84,92,68,5.7,1
4871,24,86,98,66,7.0,1
4872,16,63,63,64,2.3,1
4873,16,75,70,73,2.2,1
4874,19,75,89,93,6.7,1
4875,17,55,55,57,2.2,1
4876,16,64,62,63,1.6,1
4877,22,67,81,87,4.1,1
4878,23,87,100,78,4.4,1
4879,25,72,45,55,0.3,1
4880,25,61,57,66,4.2,1
4881,23,72,81,66,5.6,1
4882,24,85,99,91,7.8,1
4883,23,72,90,78,6.6,1
4884,19,45,82,71,1.3,1
4885,21,66,100,82,6.9,1
4886,21,82,86,79,5.1,1
4887,21,75,79,65,3.5,1
4888,19,80,59,64,4.6,1
4889,18,50,76,84,2.3,1
4890,23,80,83,72,2.7,1
4891,24,92,77,59,6.5,1
4892,16,83,83,78,6.5,1
4893,24,78,84,75,2.7,1
4894,22,91,78,67,4.7,1
4895,21,43,72,69,0.6,1
4896,24,70,67,73,3.0,1
4897,19,33,51,61,0.0,0
4898,25,84,99,93,7.4,1
4899,16,76,69,88,5.1,1
4900,23,62,57,83,6.3,1
4901,17,59,51,56,1.0,1
4902,23,92,84,72,5.2,1
4903,25,52,60,78,0.5,1
4904,20,69,58,71,1.1,1
4905,19,94,83,70,7.1,1
4906,23,67,100,91,7.9,1
4907,22,78,73,72,7.5,1
4908,25,70,72,60,3.5,1
4909,23,84,74,64,3.3,1
4910,19,48,63,63,1.6,1
4911,25,94,100,89,5.7,1
4912,22,52,66,89,5.5,1
4913,25,59,58,68,1.6,1
4914,20,65,63,64,2.0,1
4915,16,62,84,53,2.9,1
4916,21,80,69,67,3.9,1
4917,21,55,55,45,0.3,1
4918,18,82,73,70,3.4,1
4919,22,58,64,67,2.8,1
4920,21,87,92,57,4.8,1
4921,19,58,76,68,1.8,1
4922,17,87,87,82,4.8,1
4923,23,78,65,89,4.6,1
4924,22,83,81,89,7.9,1
4925,19,89,84,100,6.5,1
4926,18,70,74,84,6.5,1
4927,24,50,67,71,1.1,1
4928,18,74,82,83,7.9,1
4929,16,80,63,58,0.3,1
4930,24,61,78,71,3.1,1
4931,22,73,95,70,6.3,1
4932,19,77,77,79,6.6,1
4933,19,91,68,79,5.8,1
4934,22,90,93,75,6.8,1
4935,19,84,85,77,6.5,1
4936,24,65,79,77,6.6,1
4937,23,68,53,65,4.2,1
4938,16,81,46,45,1.4,1
4939,21,75,89,86,5.6,1
4940,18,63,94,80,5.0,1
4941,16,79,71,78,7.4,1
4942,22,70,54,66,3.2,1
4943,24,100,97,74,6.3,1
4944,17,54,86,66,2.8,1
4945,20,100,62,80,6.2,1
4946,21,61,92,100,7.3,1
4947,17,47,69,65,0.3,1
4948,19,75,47,52,0.1,1
4949,19,66,70,82,4.8,1
4950,17,90,88,86,6.0,1
4951,19,50,84,61,3.8,1
4952,17,51,57,70,3.2,1
4953,17,47,76,80,4.1,1
4954,19,78,71,82,3.3,1
4955,21,54,46,62,0.2,1
4956,23,67,89,87,7.4,1
4957,22,47,78,57,3.5,1
4958,19,67,49,85,3.6,1
4959,21,44,57,57,1.4,1
4960,25,38,53,72,0.0,1
4961,21,81,81,65,4.5,1
4962,18,59,91,67,3.5,1
4963,22,57,64,43,2.4,1
4964,24,45,61,61,0.2,1
4965,20,35,69,64,1.0,1
4966,24,63,51,63,4.7,1
4967,18,84,72,59,4.7,1
4968,24,85,78,75,4.3,1
4969,20,95,79,70,4.2,1
4970,25,63,60,79,1.5,1
4971,18,50,80,58,4.2,1
4972,16,75,65,61,5.0,1
4973,25,75,75,73,1.6,1
4974,17,89,65,84,5.1,1
4975,23,35,53,54,2.2,0
4976,21,69,65,70,1.2,1
4977,19,69,75,60,3.3,1
4978,16,50,72,56,0.1,1
4979,16,93,69,94,7.5,1
4980,22,49,57,50,1.1,1
4981,21,81,58,65,1.9,1
4982,21,73,73,67,4.0,1
4983,20,93,57,60,2.4,1
4984,23,72,62,53,2.0,1
4985,23,73,89,85,6.3,1
4986,21,75,77,91,5.8,1
4987,24,79,78,94,7.8,1
4988,20,65,76,59,4.1,1
4989,19,91,71,89,5.3,1
4990,22,76,90,100,6.7,1
4991,20,71,76,66,4.1,1
4992,21,60,86,72,4.2,1
4993,25,77,85,51,2.3,1
4994,24,73,67,58,1.7,1
4995,19,77,48,73,7.0,1
4996,16,43,69,50,2.8,1
4997,21,68,96,69,6.4,1
4998,22,61,71,69,3.7,1
4999,23,77,91,59,1.6,1
5000,16,72,56,84,5.6,1
